B20	Caro-Kann Defense: Euwe Attack, Prins Gambit	rnbqkbnr/pp2pppp/8/2pp4/4P3/1P6/PBPP1PPP/RN1QKBNR b KQkq -	e2e4 c7c5 b2b3 d7d5 c1b2
B20	Sicilian Defense: Amazon Attack	rnbqkbnr/pp1ppppp/8/2p5/4P1Q1/8/PPPP1PPP/RNB1KBNR b KQkq -	e2e4 c7c5 d1g4
B20	Sicilian Defense: Big Clamp Formation	r1bqkbnr/pp2pppp/2np4/2p5/4PP2/2PP4/PP4PP/RNBQKBNR b KQkq -	e2e4 c7c5 d2d3 b8c6 c2c3 d7d6 f2f4
B20	Sicilian Defense: Bowdler Attack	rnbqkbnr/pp1ppppp/8/2p5/2B1P3/8/PPPP1PPP/RNBQK1NR b KQkq -	e2e4 c7c5 f1c4
B20	Sicilian Defense: Brick Variation	rnbqkbnr/pp1ppppp/8/2p5/4P3/7N/PPPP1PPP/RNBQKB1R b KQkq -	e2e4 c7c5 g1h3
B20	Sicilian Defense: Gloria Variation	r1bqkbnr/pp2ppp1/2np4/2p4p/2P1P3/2N3P1/PP1P1P1P/R1BQKBNR w KQkq -	e2e4 c7c5 c2c4 d7d6 b1c3 b8c6 g2g3 h7h5
B20	Sicilian Defense: Grob Variation	rnbqkbnr/pp1ppppp/8/2p5/4P1P1/8/PPPP1P1P/RNBQKBNR b KQkq -	e2e4 c7c5 g2g4
B20	Sicilian Defense: Keres Variation	rnbqkbnr/pp1ppppp/8/2p5/4P3/8/PPPPNPPP/RNBQKB1R b KQkq -	e2e4 c7c5 g1e2
B20	Sicilian Defense: King David's Opening	rnbqkbnr/pp1ppppp/8/2p5/4P3/8/PPPPKPPP/RNBQ1BNR b kq -	e2e4 c7c5 e1e2
B20	Sicilian Defense: Kronberger Variation, Nemeth Gambit	r1bqkbnr/pp1ppppp/2n5/8/2BpP3/N7/PPP2PPP/R1BQK1NR b KQkq -	e2e4 c7c5 b1a3 b8c6 d2d4 c5d4 f1c4
B20	Sicilian Defense: Kronberger Variation	rnbqkbnr/pp1ppppp/8/2p5/4P3/N7/PPPP1PPP/R1BQKBNR b KQkq -	e2e4 c7c5 b1a3
B20	Sicilian Defense: Lasker-Dunne Attack	rnbqkbnr/pp1ppppp/8/2p5/4P3/6P1/PPPP1P1P/RNBQKBNR b KQkq -	e2e4 c7c5 g2g3
B20	Sicilian Defense: Mengarini Variation	rnbqkbnr/pp1ppppp/8/2p5/4P3/P7/1PPP1PPP/RNBQKBNR b KQkq -	e2e4 c7c5 a2a3
B20	Sicilian Defense: Myers Attack	rnbqkbnr/pp1ppppp/8/2p5/4P2P/8/PPPP1PP1/RNBQKBNR b KQkq -	e2e4 c7c5 h2h4
B20	Sicilian Defense: Myers Attack	rnbqkbnr/pp1ppppp/8/2p5/P3P3/8/1PPP1PPP/RNBQKBNR b KQkq -	e2e4 c7c5 a2a4
B20	Sicilian Defense	rnbqkbnr/pp1ppppp/8/2p5/4P3/8/PPPP1PPP/RNBQKBNR w KQkq -	e2e4 c7c5
B20	Sicilian Defense: Snyder Variation, Queen Fianchetto Variation	rnbqkbnr/p2ppppp/1p6/2p5/4P3/1P6/P1PP1PPP/RNBQKBNR w KQkq -	e2e4 c7c5 b2b3 b7b6
B20	Sicilian Defense: Snyder Variation	rnbqkbnr/pp1ppppp/8/2p5/4P3/1P6/P1PP1PPP/RNBQKBNR b KQkq -	e2e4 c7c5 b2b3
B20	Sicilian Defense: Staunton-Cochrane Variation	rnbqkbnr/pp1ppppp/8/2p5/2P1P3/8/PP1P1PPP/RNBQKBNR b KQkq -	e2e4 c7c5 c2c4
B20	Sicilian Defense: Wing Gambit, Abrahams Variation	rnbqkbnr/pp1ppppp/8/8/1p2P3/8/PBPP1PPP/RN1QKBNR b KQkq -	e2e4 c7c5 b2b4 c5b4 c1b2
B20	Sicilian Defense: Wing Gambit, Carlsbad Variation	rnbqkbnr/pp1ppppp/8/8/4P3/p7/2PP1PPP/RNBQKBNR w KQkq -	e2e4 c7c5 b2b4 c5b4 a2a3 b4a3
B20	Sicilian Defense: Wing Gambit, Marienbad Variation	rnb1kbnr/pp2pppp/8/3q4/1p6/P7/1BPP1PPP/RN1QKBNR b KQkq -	e2e4 c7c5 b2b4 c5b4 a2a3 d7d5 e4d5 d8d5 c1b2
B20	Sicilian Defense: Wing Gambit, Marshall Variation	rnbqkbnr/pp1ppppp/8/8/1p2P3/P7/2PP1PPP/RNBQKBNR b KQkq -	e2e4 c7c5 b2b4 c5b4 a2a3
B20	Sicilian Defense: Wing Gambit, Nanu Gambit	rnb1kbnr/pp3ppp/4q3/4p3/1pP5/P2B1N2/3P1PPP/RNBQK2R b KQkq -	e2e4 c7c5 b2b4 c5b4 a2a3 d7d5 e4d5 d8d5 g1f3 e7e5 c2c4 d5e6 f1d3
B20	Sicilian Defense: Wing Gambit	rnbqkbnr/pp1ppppp/8/2p5/1P2P3/8/P1PP1PPP/RNBQKBNR b KQkq -	e2e4 c7c5 b2b4
B20	Sicilian Defense: Wing Gambit, Romanian Defense	r1b1kbnr/pp3ppp/2n1q3/4p3/1pP5/P4N2/1B1P1PPP/RN1QKB1R w KQkq -	e2e4 c7c5 b2b4 c5b4 a2a3 d7d5 e4d5 d8d5 g1f3 e7e5 c1b2 b8c6 c2c4 d5e6
B20	Sicilian Defense: Wing Gambit, Santasiere Variation	rnbqkbnr/pp1ppppp/8/8/1pP1P3/8/P2P1PPP/RNBQKBNR b KQkq c3	e2e4 c7c5 b2b4 c5b4 c2c4
B21	Sicilian Defense: Coles Sicilian Gambit	r1bqkb1r/pp1ppppp/2n2n2/8/2B1P3/8/PPP2PPP/RNBQK1NR b KQkq -	e2e4 c7c5 d2d4 c5d4 d1d4 b8c6 d4d1 g8f6 f1c4
B21	Sicilian Defense: Halasz Gambit	rnbqkbnr/pp1ppppp/8/8/3pPP2/8/PPP3PP/RNBQKBNR b KQkq -	e2e4 c7c5 d2d4 c5d4 f2f4
B21	Sicilian Defense: McDonnell Attack	rnbqkbnr/pp1ppppp/8/2p5/4PP2/8/PPPP2PP/RNBQKBNR b KQkq -	e2e4 c7c5 f2f4
B21	Sicilian Defense: McDonnell Attack, Tal Gambit	rnbqkb1r/pp2pppp/5n2/2pP4/5P2/8/PPPP2PP/RNBQKBNR w KQkq -	e2e4 c7c5 f2f4 d7d5 e4d5 g8f6
B21	Sicilian Defense: Morphy Gambit, Andreaschek Gambit	rnbqkbnr/pp1p1ppp/8/4p3/3pP3/2P2N2/PP3PPP/RNBQKB1R b KQkq -	d2d4 c7c5 e2e4 c5d4 g1f3 e7e5 c2c3
B21	Sicilian Defense: Morphy Gambit	rnbqkbnr/pp1ppppp/8/8/3pP3/5N2/PPP2PPP/RNBQKB1R b KQkq -	d2d4 c7c5 e2e4 c5d4 g1f3
B21	Sicilian Defense: Smith-Morra Gambit Accepted, Chicago Defense	rnbqkb1r/1p3ppp/p2ppn2/8/2B1P3/2N2N2/PP3PPP/R1BQ1RK1 w kq -	e2e4 c7c5 d2d4 c5d4 c2c3 d4c3 b1c3 d7d6 g1f3 e7e6 f1c4 g8f6 e1g1 a7a6
B21	Sicilian Defense: Smith-Morra Gambit Accepted, Classical Formation	r1bqkb1r/1p2pppp/p1np1n2/8/2B1P3/2N2N2/PP3PPP/R1BQ1RK1 w kq -	e2e4 c7c5 d2d4 c5d4 c2c3 d4c3 b1c3 b8c6 g1f3 d7d6 f1c4 a7a6 e1g1 g8f6
B21	Sicilian Defense: Smith-Morra Gambit Accepted, Fianchetto Defense	r1bqkbnr/pp1ppp1p/2n3p1/8/4P3/2N2N2/PP3PPP/R1BQKB1R w KQkq -	e2e4 c7c5 d2d4 c5d4 c2c3 d4c3 b1c3 b8c6 g1f3 g7g6
B21	Sicilian Defense: Smith-Morra Gambit Accepted, Kan Formation	rnbqkbnr/1p1p1ppp/p3p3/8/4P3/2N2N2/PP3PPP/R1BQKB1R w KQkq -	e2e4 c7c5 d2d4 c5d4 c2c3 d4c3 b1c3 e7e6 g1f3 a7a6
B21	Sicilian Defense: Smith-Morra Gambit Accepted, Larsen Defense	r1b1k1nr/1pqp1ppp/p1nbp3/8/2B1P3/2N2N2/PP2QPPP/R1B2RK1 w kq -	e2e4 c7c5 d2d4 c5d4 c2c3 d4c3 b1c3 b8c6 g1f3 e7e6 f1c4 d8c7 d1e2 a7a6 e1g1 f8d6
B21	Sicilian Defense: Smith-Morra Gambit Accepted, Morphy Defense Deferred	r1bqk1nr/3p1ppp/p1n1p3/1pb5/4P3/1BN2N2/PP3PPP/R1BQ1RK1 w kq -	e2e4 c7c5 d2d4 c5d4 c2c3 d4c3 b1c3 b8c6 g1f3 e7e6 f1c4 a7a6 e1g1 b7b5 c4b3 f8c5
B21	Sicilian Defense: Smith-Morra Gambit Accepted, Morphy Defense	r1bqk1nr/pp1p1ppp/2n1p3/2b5/2B1P3/2N2N2/PP3PPP/R1BQK2R w KQkq -	e2e4 c7c5 d2d4 c5d4 c2c3 d4c3 b1c3 b8c6 g1f3 e7e6 f1c4 f8c5
B21	Sicilian Defense: Smith-Morra Gambit Accepted, Paulsen Formation	r1bqkbnr/1p1p1ppp/p1n1p3/8/2B1P3/2N2N2/PP3PPP/R1BQK2R w KQkq -	e2e4 c7c5 d2d4 c5d4 c2c3 d4c3 b1c3 b8c6 g1f3 e7e6 f1c4 a7a6
B21	Sicilian Defense: Smith-Morra Gambit Accepted, Pin Defense	r1bqk1nr/pp1p1ppp/2n1p3/8/1bB1P3/2N2N2/PP3PPP/R1BQK2R w KQkq -	e2e4 c7c5 d2d4 c5d4 c2c3 d4c3 b1c3 b8c6 g1f3 e7e6 f1c4 f8b4
B21	Sicilian Defense: Smith-Morra Gambit Accepted, Scheveningen Formation	r1bqkbnr/pp3ppp/2npp3/8/2B1P3/2N2N2/PP3PPP/R1BQK2R w KQkq -	e2e4 c7c5 d2d4 c5d4 c2c3 d4c3 b1c3 b8c6 g1f3 d7d6 f1c4 e7e6
B21	Sicilian Defense: Smith-Morra Gambit Accepted, Sozin Formation	r1bqkbnr/5ppp/p1npp3/1p6/2B1P3/2N2N2/PP2QPPP/R1B2RK1 w kq -	e2e4 c7c5 d2d4 c5d4 c2c3 d4c3 b1c3 b8c6 f1c4 e7e6 g1f3 d7d6 e1g1 a7a6 d1e2 b7b5
B21	Sicilian Defense: Smith-Morra Gambit Accepted, Taimanov Formation	rnbqkb1r/1p1pnppp/p3p3/8/2B1P3/2N2N2/PP3PPP/R1BQK2R w KQkq -	e2e4 c7c5 d2d4 c5d4 c2c3 d4c3 b1c3 e7e6 f1c4 a7a6 g1f3 g8e7
B21	Sicilian Defense: Smith-Morra Gambit, Chicago Defense	2bqkbnr/r4ppp/p1npp3/1p6/4P3/1BN2N2/PP2QPPP/R1B2RK1 w k -	e2e4 c7c5 d2d4 c5d4 c2c3 d4c3 b1c3 b8c6 f1c4 e7e6 g1f3 d7d6 e1g1 a7a6 d1e2 b7b5 c4b3 a8a7
B21	Sicilian Defense: Smith-Morra Gambit, Danish Variation	rnbqkbnr/pp1ppppp/8/8/4P3/2p2N2/PP3PPP/RNBQKB1R b KQkq -	e2e4 c7c5 d2d4 c5d4 c2c3 d4c3 g1f3
B21	Sicilian Defense: Smith-Morra Gambit Declined, Alapin Formation	rnbqkb1r/pp1ppppp/5n2/8/3pP3/2P5/PP3PPP/RNBQKBNR w KQkq -	e2e4 c7c5 d2d4 c5d4 c2c3 g8f6
B21	Sicilian Defense: Smith-Morra Gambit Declined, Dubois Variation	rnbqkbnr/pp1ppppp/8/8/2P1P3/3p4/PP3PPP/RNBQKBNR b KQkq -	e2e4 c7c5 d2d4 c5d4 c2c3 d4d3 c3c4
B21	Sicilian Defense: Smith-Morra Gambit Declined, Push Variation	rnbqkbnr/pp1ppppp/8/8/4P3/2Pp4/PP3PPP/RNBQKBNR w KQkq -	e2e4 c7c5 d2d4 c5d4 c2c3 d4d3
B21	Sicilian Defense: Smith-Morra Gambit Declined, Scandinavian Formation	rnbqkbnr/pp2pppp/8/3p4/3pP3/2P5/PP3PPP/RNBQKBNR w KQkq -	e2e4 c7c5 d2d4 c5d4 c2c3 d7d5
B21	Sicilian Defense: Smith-Morra Gambit Declined, Wing Formation	rnb1kbnr/pp1ppppp/8/q7/3pP3/2P5/PP3PPP/RNBQKBNR w KQkq -	e2e4 c7c5 d2d4 c5d4 c2c3 d8a5
B21	Sicilian Defense: Smith-Morra Gambit	rnbqkbnr/pp1ppppp/8/2p5/3PP3/8/PPP2PPP/RNBQKBNR b KQkq -	e2e4 c7c5 d2d4
B21	Sicilian Defense: Smith-Morra Gambit	rnbqkbnr/pp1ppppp/8/8/3pP3/2P5/PP3PPP/RNBQKBNR b KQkq -	e2e4 c7c5 d2d4 c5d4 c2c3
B22	Sicilian Defense: Alapin Variation, Barmen Defense, Central Exchange	r3kbnr/pp2pppp/2n5/3q4/3P2b1/5N2/PP3PPP/RNBQKB1R w KQkq -	e2e4 c7c5 c2c3 d7d5 e4d5 d8d5 d2d4 c5d4 c3d4 b8c6 g1f3 c8g4
B22	Sicilian Defense: Alapin Variation, Barmen Defense, Endgame Variation	r3kbnr/pp2pppp/8/8/3n4/2N2P2/PP3P1P/R1B1KB1R w KQkq -	e2e4 c7c5 c2c3 d7d5 e4d5 d8d5 d2d4 c5d4 c3d4 b8c6 g1f3 c8g4 b1c3 g4f3 g2f3 d5d4 d1d4 c6d4
B22	Sicilian Defense: Alapin Variation, Barmen Defense, Milner-Barry Attack	r1b1k1nr/pp3ppp/2n5/3qp3/1b1P4/2N2N2/PP2BPPP/R1BQK2R b KQkq -	e2e4 c7c5 c2c3 d7d5 e4d5 d8d5 d2d4 b8c6 g1f3 c5d4 c3d4 e7e5 b1c3 f8b4 f1e2
B22	Sicilian Defense: Alapin Variation, Barmen Defense, Modern Line	rn2kb1r/pp2pppp/5n2/2pq4/3P2b1/2P2N2/PP3PPP/RNBQKB1R w KQkq -	e2e4 c7c5 c2c3 d7d5 e4d5 d8d5 d2d4 g8f6 g1f3 c8g4
B22	Sicilian Defense: Alapin Variation, Barmen Defense	rnb1kbnr/pp2pppp/8/2pq4/8/2P5/PP1P1PPP/RNBQKBNR w KQkq -	e2e4 c7c5 c2c3 d7d5 e4d5 d8d5
B22	Sicilian Defense: Alapin Variation	rnbqkbnr/pp1ppppp/8/2p5/4P3/2P5/PP1P1PPP/RNBQKBNR b KQkq -	e2e4 c7c5 c2c3
B22	Sicilian Defense: Alapin Variation, Smith-Morra Declined	rnbqkb1r/pp1ppppp/8/3nP3/3p4/2P5/PP3PPP/RNBQKBNR w KQkq -	e2e4 c7c5 c2c3 g8f6 e4e5 f6d5 d2d4 c5d4
B22	Sicilian Defense: Alapin Variation, Stoltz Attack, Ivanchuk Line	r1b1kb1r/ppqppp1p/1nn5/4P1p1/2p5/2P2N2/PPBPQPPP/RNB1K2R w KQkq -	e2e4 c7c5 c2c3 g8f6 e4e5 f6d5 g1f3 b8c6 f1c4 d5b6 c4b3 c5c4 b3c2 d8c7 d1e2 g7g5
B22	Sicilian Defense: Alapin Variation, Stoltz Attack	r1bqkb1r/pp1ppppp/1nn5/2p1P3/8/1BP2N2/PP1P1PPP/RNBQK2R b KQkq -	e2e4 c7c5 c2c3 g8f6 e4e5 f6d5 g1f3 b8c6 f1c4 d5b6 c4b3
B22	Sicilian Defense: Heidenfeld Variation	r1bqkb1r/pp1ppppp/2n5/2pnP3/8/N1P2N2/PP1P1PPP/R1BQKB1R b KQkq -	e2e4 c7c5 c2c3 g8f6 e4e5 f6d5 g1f3 b8c6 b1a3
B22	Sicilian Defense: Smith-Morra Gambit Declined, Center Formation	rnbqkbnr/pp1p1ppp/8/4p3/3pP3/2P5/PP3PPP/RNBQKBNR w KQkq -	e2e4 c7c5 c2c3 e7e5 d2d4 c5d4
B23	Sicilian Defense: Closed	rnbqkbnr/pp1p1ppp/4p3/2p5/4P3/2N3P1/PPPP1P1P/R1BQKBNR b KQkq -	e2e4 c7c5 b1c3 e7e6 g2g3
B23	Sicilian Defense: Closed	rnbqkbnr/pp1p1ppp/4p3/2p5/4P3/2N5/PPPP1PPP/R1BQKBNR w KQkq -	e2e4 c7c5 b1c3 e7e6
B23	Sicilian Defense: Closed Variation, Chameleon Variation	r1bqkbnr/pp1ppppp/2n5/2p5/4P3/2N5/PPPPNPPP/R1BQKB1R b KQkq -	e2e4 c7c5 b1c3 b8c6 g1e2
B23	Sicilian Defense: Closed Variation, Grob Attack	r1bqkbnr/pp1ppppp/2n5/2p5/4P1P1/2N5/PPPP1P1P/R1BQKBNR b KQkq -	e2e4 c7c5 b1c3 b8c6 g2g4
B23	Sicilian Defense: Closed Variation, Korchnoi Defense	rnbqkbnr/pp3ppp/4p3/2pp4/4P3/2N3P1/PPPP1P1P/R1BQKBNR w KQkq -	e2e4 c7c5 b1c3 e7e6 g2g3 d7d5
B23	Sicilian Defense: Closed Variation	rnbqkbnr/pp1ppppp/8/2p5/4P3/2N5/PPPP1PPP/R1BQKBNR b KQkq -	e2e4 c7c5 b1c3
B23	Sicilian Defense: Closed Variation, Traditional	r1bqkbnr/pp1ppppp/2n5/2p5/4P3/2N5/PPPP1PPP/R1BQKBNR w KQkq -	e2e4 c7c5 b1c3 b8c6
B23	Sicilian Defense: Grand Prix Attack	r1bqkbnr/pp1ppppp/2n5/2p5/4PP2/2N5/PPPP2PP/R1BQKBNR b KQkq -	e2e4 c7c5 b1c3 b8c6 f2f4
B23	Sicilian Defense: Grand Prix Attack, Schofman Variation	r1bqk1nr/pp1p1pbp/2n1p1p1/2p2P2/2B1P3/2N2N2/PPPP2PP/R1BQK2R b KQkq -	e2e4 c7c5 b1c3 b8c6 f2f4 g7g6 g1f3 f8g7 f1c4 e7e6 f4f5
B24	Sicilian Defense: Closed	r1bqk1nr/pp1pppbp/2n3p1/2p5/4P3/2N3P1/PPPP1PBP/R1BQK1NR w KQkq -	e2e4 c7c5 b1c3 b8c6 g2g3 g7g6 f1g2 f8g7
B24	Sicilian Defense: Closed	r1bqkbnr/pp1ppp1p/2n3p1/2p5/4P3/2N3P1/PPPP1P1P/R1BQKBNR w KQkq -	e2e4 c7c5 b1c3 b8c6 g2g3 g7g6
B24	Sicilian Defense: Closed, Smyslov Variation	r1bqk1nr/pp1p1pbp/4p1p1/2p5/3nP3/3PB1P1/PPP1NPBP/R2QK1NR b KQkq -	e2e4 c7c5 b1c3 b8c6 g2g3 g7g6 f1g2 f8g7 d2d3 e7e6 c1e3 c6d4 c3e2
B24	Sicilian Defense: Closed Variation, Fianchetto Variation	r1bqkbnr/pp1ppppp/2n5/2p5/4P3/2N3P1/PPPP1P1P/R1BQKBNR b KQkq -	e2e4 c7c5 b1c3 b8c6 g2g3
B25	Sicilian Defense: Closed	r1bqk1nr/pp2ppbp/2np2p1/2p5/4P3/2NP2P1/PPP2PBP/R1BQK1NR w KQkq -	e2e4 c7c5 b1c3 b8c6 g2g3 g7g6 f1g2 f8g7 d2d3 d7d6
B25	Sicilian Defense: Closed Variation, Botvinnik Defense, Edge Variation	r1bqk2r/pp2npbp/2np2p1/2p1p3/4PP2/2NP2PN/PPP3BP/R1BQK2R w KQkq -	e2e4 c7c5 b1c3 b8c6 g2g3 g7g6 f1g2 f8g7 d2d3 d7d6 f2f4 e7e5 g1h3 g8e7
B25	Sicilian Defense: Closed Variation, Botvinnik Defense	r1bqk1nr/pp3pbp/2np2p1/2p1p3/4P3/2NP2P1/PPP1NPBP/R1BQK2R w KQkq -	e2e4 c7c5 b1c3 b8c6 g2g3 g7g6 f1g2 f8g7 d2d3 d7d6 g1e2 e7e5
B25	Sicilian Defense: Closed Variation, Botvinnik Defense	r1bqk1nr/pp3pbp/2np2p1/2p1p3/4PP2/2NP2P1/PPP3BP/R1BQK1NR w KQkq -	e2e4 c7c5 b1c3 b8c6 g2g3 g7g6 f1g2 f8g7 d2d3 d7d6 f2f4 e7e5
B25	Sicilian Defense: Closed Variation	r1bqk1nr/pp2ppbp/2np2p1/2p5/4PP2/2NP2P1/PPP3BP/R1BQK1NR b KQkq -	e2e4 c7c5 b1c3 b8c6 g2g3 g7g6 f1g2 f8g7 d2d3 d7d6 f2f4
B26	Sicilian Defense: Closed Variation	r1bqk1nr/pp2ppbp/2np2p1/2p5/4P3/2NPB1P1/PPP2PBP/R2QK1NR b KQkq -	e2e4 c7c5 b1c3 b8c6 g2g3 g7g6 f1g2 f8g7 d2d3 d7d6 c1e3
B27	Modern Defense: Pterodactyl Variation	rnb1k1nr/pp1pppbp/6p1/q1p5/3PP3/2N2N2/PPP2PPP/R1BQKB1R w KQkq -	e2e4 c7c5 g1f3 g7g6 d2d4 f8g7 b1c3 d8a5
B27	Pterodactyl Defense: Sicilian, Anhanguera	rnb1k1nr/pp1pppbp/6p1/q1p5/3PP3/2N1BN2/PPP2PPP/R2QKB1R b KQkq -	e2e4 c7c5 g1f3 g7g6 d2d4 f8g7 b1c3 d8a5 c1e3
B27	Pterodactyl Defense: Sicilian, Benoni Gambit	rnb1k1nr/pp1pppbp/6p1/q1pP4/4P3/2N2N2/PPP2PPP/R1BQKB1R b KQkq -	e2e4 c7c5 g1f3 g7g6 d2d4 f8g7 b1c3 d8a5 d4d5
B27	Pterodactyl Defense: Sicilian, Pteranodon	rnb1k1nr/pp1ppp1p/6p1/q1P5/4P3/2P2N2/P1P2PPP/R1BQKB1R b KQkq -	e2e4 c7c5 g1f3 g7g6 d2d4 f8g7 d4c5 d8a5 b1c3 g7c3 b2c3
B27	Pterodactyl Defense: Sicilian, Rhamporhynchus	rnb1k1nr/pp1pppbp/6p1/q1P5/4P3/2N2N2/PPP2PPP/R1BQKB1R b KQkq -	e2e4 c7c5 g1f3 g7g6 d2d4 f8g7 d4c5 d8a5 b1c3
B27	Pterodactyl Defense: Sicilian, Unpin	rnb1k1nr/pp1pppbp/6p1/q1p5/3PP3/2N2N2/PPPB1PPP/R2QKB1R b KQkq -	e2e4 c7c5 g1f3 g7g6 d2d4 f8g7 b1c3 d8a5 c1d2
B27	Pterodactyl Defense: Western, Pterodactyl	rnb1k1nr/pp1pppbp/6p1/q1p5/3PP3/2P2N2/PP3PPP/RNBQKB1R w KQkq -	e2e4 c7c5 g1f3 g7g6 c2c3 f8g7 d2d4 d8a5
B27	Pterodactyl Defense: Western, Rhamphorhynchus	rnb1k1nr/pp1pppbp/6p1/q1P5/4P3/5N2/PPP2PPP/RNBQKB1R w KQkq -	e2e4 c7c5 g1f3 g7g6 d2d4 f8g7 d4c5 d8a5
B27	Sicilian Defense: Acton Extension	rnbqk1nr/pp1ppp1p/6pb/2p5/2P1P3/5N2/PP1P1PPP/RNBQKB1R w KQkq -	e2e4 c7c5 g1f3 g7g6 c2c4 f8h6
B27	Sicilian Defense: Brussels Gambit	rnbqkbnr/pp1pp1pp/8/2p2p2/4P3/5N2/PPPP1PPP/RNBQKB1R w KQkq -	e2e4 c7c5 g1f3 f7f5
B27	Sicilian Defense: Bücker Variation	rnbqkbnr/pp1pppp1/7p/2p5/4P3/5N2/PPPP1PPP/RNBQKB1R w KQkq -	e2e4 c7c5 g1f3 h7h6
B27	Sicilian Defense: Double-Dutch Gambit	rnbqkb1r/pp1pp1pp/7n/2p2P2/8/5N2/PPPP1PPP/RNBQKB1R w KQkq -	e2e4 c7c5 g1f3 f7f5 e4f5 g8h6
B27	Sicilian Defense: Frederico Variation	rnbqkbnr/pp1pp2p/6p1/2p2p2/3PP3/5N2/PPP2PPP/RNBQKB1R w KQkq -	e2e4 c7c5 g1f3 g7g6 d2d4 f7f5
B27	Sicilian Defense: Hyperaccelerated Dragon	rnbqkbnr/pp1ppp1p/6p1/2p5/4P3/5N2/PPPP1PPP/RNBQKB1R w KQkq -	e2e4 c7c5 g1f3 g7g6
B27	Sicilian Defense: Hyperaccelerated Fianchetto	rnbqkbnr/pp1ppp1p/6p1/2p5/3PP3/5N2/PPP2PPP/RNBQKB1R b KQkq -	e2e4 c7c5 g1f3 g7g6 d2d4
B27	Sicilian Defense: Hyperaccelerated Pterodactyl, Exchange Variation	rnb1k1nr/pp1ppp1p/6p1/2P5/4P3/2q2N2/P1P2PPP/R1BQKB1R w KQkq -	e2e4 c7c5 g1f3 g7g6 d2d4 f8g7 d4c5 d8a5 b1c3 g7c3 b2c3 a5c3
B27	Sicilian Defense: Hyperaccelerated Pterodactyl	rnbqk1nr/pp1pppbp/6p1/2p5/3PP3/5N2/PPP2PPP/RNBQKB1R w KQkq -	e2e4 c7c5 g1f3 g7g6 d2d4 f8g7
B27	Sicilian Defense: Jalalabad Variation	rnbqkbnr/pp1p1ppp/8/2p1p3/4P3/5N2/PPPP1PPP/RNBQKB1R w KQkq -	e2e4 c7c5 g1f3 e7e5
B27	Sicilian Defense: Katalimov Variation	rnbqkbnr/p2ppppp/1p6/2p5/4P3/5N2/PPPP1PPP/RNBQKB1R w KQkq -	e2e4 c7c5 g1f3 b7b6
B27	Sicilian Defense: Mongoose Variation	rnb1kbnr/pp1ppppp/8/q1p5/4P3/5N2/PPPP1PPP/RNBQKB1R w KQkq -	e2e4 c7c5 g1f3 d8a5
B27	Sicilian Defense: Polish Gambit	rnbqkbnr/p2ppppp/8/1pp5/4P3/5N2/PPPP1PPP/RNBQKB1R w KQkq -	e2e4 c7c5 g1f3 b7b5
B27	Sicilian Defense: Quinteros Variation	rnb1kbnr/ppqppppp/8/2p5/4P3/5N2/PPPP1PPP/RNBQKB1R w KQkq -	e2e4 c7c5 g1f3 d8c7
B27	Sicilian Defense	rnbqkbnr/pp1ppppp/8/2p5/4P3/5N2/PPPP1PPP/RNBQKB1R b KQkq -	e2e4 c7c5 g1f3
B28	Sicilian Defense: O'Kelly Variation, Aronin System	rnbqkbnr/1p1ppppp/p7/2p5/4P3/5N2/PPPPBPPP/RNBQK2R b KQkq -	e2e4 c7c5 g1f3 a7a6 f1e2
B28	Sicilian Defense: O'Kelly Variation, Kieseritzky System	rnbqkbnr/1p1ppppp/p7/2p5/4P3/1P3N2/P1PP1PPP/RNBQKB1R b KQkq -	e2e4 c7c5 g1f3 a7a6 b2b3
B28	Sicilian Defense: O'Kelly Variation, Maróczy Bind, Paulsen Line	rnbqkbnr/1p1p1ppp/p3p3/2p5/2P1P3/5N2/PP1P1PPP/RNBQKB1R w KQkq -	e2e4 c7c5 g1f3 a7a6 c2c4 e7e6
B28	Sicilian Defense: O'Kelly Variation, Maróczy Bind	rnbqkbnr/1p1ppppp/p7/2p5/2P1P3/5N2/PP1P1PPP/RNBQKB1R b KQkq -	e2e4 c7c5 g1f3 a7a6 c2c4
B28	Sicilian Defense: O'Kelly Variation, Maróczy Bind, Robatsch Line	rnbqkbnr/1p2pppp/p2p4/2p5/2P1P3/5N2/PP1P1PPP/RNBQKB1R w KQkq -	e2e4 c7c5 g1f3 a7a6 c2c4 d7d6
B28	Sicilian Defense: O'Kelly Variation, Normal System, Cortlever Gambit	rnbqkbnr/1p1ppppp/p7/8/2BpP3/5N2/PPP2PPP/RNBQK2R b KQkq -	e2e4 c7c5 g1f3 a7a6 d2d4 c5d4 f1c4
B28	Sicilian Defense: O'Kelly Variation, Normal System	rnbqkbnr/1p1ppppp/p7/2p5/3PP3/5N2/PPP2PPP/RNBQKB1R b KQkq -	e2e4 c7c5 g1f3 a7a6 d2d4
B28	Sicilian Defense: O'Kelly Variation, Normal System, Smith-Morra Line	rnbqkbnr/1p1ppppp/p7/8/3pP3/2P2N2/PP3PPP/RNBQKB1R b KQkq -	e2e4 c7c5 g1f3 a7a6 d2d4 c5d4 c2c3
B28	Sicilian Defense: O'Kelly Variation, Normal System, Taimanov Line	rnbqkbnr/1p1p1ppp/p7/4p3/3NP3/8/PPP2PPP/RNBQKB1R w KQkq -	e2e4 c7c5 g1f3 a7a6 d2d4 c5d4 f3d4 e7e5
B28	Sicilian Defense: O'Kelly Variation, Normal System, Zagorovsky Line	rnbqkbnr/1p1ppppp/p7/8/3QP3/5N2/PPP2PPP/RNB1KB1R b KQkq -	e2e4 c7c5 g1f3 a7a6 d2d4 c5d4 d1d4
B28	Sicilian Defense: O'Kelly Variation, Quiet System	rnbqkbnr/1p1ppppp/p7/2p5/4P3/3P1N2/PPP2PPP/RNBQKB1R b KQkq -	e2e4 c7c5 g1f3 a7a6 d2d3
B28	Sicilian Defense: O'Kelly Variation, Réti System	rnbqkbnr/1p1ppppp/p7/2p5/4P3/5NP1/PPPP1P1P/RNBQKB1R b KQkq -	e2e4 c7c5 g1f3 a7a6 g2g3
B28	Sicilian Defense: O'Kelly Variation	rnbqkbnr/1p1ppppp/p7/2p5/4P3/5N2/PPPP1PPP/RNBQKB1R w KQkq -	e2e4 c7c5 g1f3 a7a6
B28	Sicilian Defense: O'Kelly Variation, Venice System, Barcza Line	rnbqkb1r/1p1ppppp/p4n2/2p5/4P3/2P2N2/PP1P1PPP/RNBQKB1R w KQkq -	e2e4 c7c5 g1f3 a7a6 c2c3 g8f6
B28	Sicilian Defense: O'Kelly Variation, Venice System, Gambit Line	rnbqkb1r/1p2pppp/p4n2/2pP4/8/2P2N2/PP1P1PPP/RNBQKB1R w KQkq -	e2e4 c7c5 g1f3 a7a6 c2c3 d7d5 e4d5 g8f6
B28	Sicilian Defense: O'Kelly Variation, Venice System, Ljubojevic Line	rnbqkbnr/3ppppp/p7/1pp5/4P3/2P2N2/PP1P1PPP/RNBQKB1R w KQkq -	e2e4 c7c5 g1f3 a7a6 c2c3 b7b5
B28	Sicilian Defense: O'Kelly Variation, Venice System	rnbqkbnr/1p1ppppp/p7/2p5/4P3/2P2N2/PP1P1PPP/RNBQKB1R b KQkq -	e2e4 c7c5 g1f3 a7a6 c2c3
B28	Sicilian Defense: O'Kelly Variation, Venice System, Steiner Line	rnbqkbnr/1p2pppp/p2p4/2p5/4P3/2P2N2/PP1P1PPP/RNBQKB1R w KQkq -	e2e4 c7c5 g1f3 a7a6 c2c3 d7d6
B28	Sicilian Defense: O'Kelly Variation, Wing Gambit	rnbqkbnr/1p1ppppp/p7/2p5/1P2P3/5N2/P1PP1PPP/RNBQKB1R b KQkq -	e2e4 c7c5 g1f3 a7a6 b2b4
B28	Sicilian Defense: O'Kelly Variation, Yerevan System	rnbqkbnr/1p1ppppp/p7/2p5/4P3/2N2N2/PPPP1PPP/R1BQKB1R b KQkq -	e2e4 c7c5 g1f3 a7a6 b1c3
B29	Sicilian Defense: Nimzowitsch Variation, Advance Variation	rnbqkb1r/pp1ppppp/5n2/2p1P3/8/5N2/PPPP1PPP/RNBQKB1R b KQkq -	e2e4 c7c5 g1f3 g8f6 e4e5
B29	Sicilian Defense: Nimzowitsch Variation, Closed Variation	rnbqkb1r/pp1ppppp/5n2/2p5/4P3/2N2N2/PPPP1PPP/R1BQKB1R b KQkq -	e2e4 c7c5 g1f3 g8f6 b1c3
B29	Sicilian Defense: Nimzowitsch Variation, Exchange Variation	rnbqkb1r/pp1ppppp/8/2p1P3/8/2n2N2/PPPP1PPP/R1BQKB1R w KQkq -	e2e4 c7c5 g1f3 g8f6 e4e5 f6d5 b1c3 d5c3
B29	Sicilian Defense: Nimzowitsch Variation, Main Line	r1bqkb1r/pp1p1ppp/2n5/2ppP3/3P4/5N2/PPP2PPP/R1BQKB1R w KQkq -	e2e4 c7c5 g1f3 g8f6 e4e5 f6d5 b1c3 e7e6 c3d5 e6d5 d2d4 b8c6
B29	Sicilian Defense: Nimzowitsch Variation	rnbqkb1r/pp1ppppp/5n2/2p5/4P3/5N2/PPPP1PPP/RNBQKB1R w KQkq -	e2e4 c7c5 g1f3 g8f6
B30	Sicilian Defense: Closed Sicilian, Anti-Sveshnikov Variation, Kharlov-Kramnik Line	r1bqk1nr/pp3ppp/2np4/2p1p1b1/2B1P3/2NP4/PPPN1PPP/R1BQK2R w KQkq -	e2e4 c7c5 g1f3 b8c6 b1c3 e7e5 f1c4 f8e7 d2d3 d7d6 f3d2 e7g5
B30	Sicilian Defense: Nyezhmetdinov-Rossolimo Attack	r1bqkbnr/pp1ppppp/2n5/1Bp5/4P3/5N2/PPPP1PPP/RNBQK2R b KQkq -	e2e4 c7c5 g1f3 b8c6 f1b5
B30	Sicilian Defense: Nyezhmetdinov-Rossolimo Attack, San Francisco Gambit	r1bqkbnr/pp1ppppp/8/nBp5/1P2P3/5N2/P1PP1PPP/RNBQK2R b KQkq -	e2e4 c7c5 g1f3 b8c6 f1b5 c6a5 b2b4
B30	Sicilian Defense: Old Sicilian	r1bqkbnr/pp1ppppp/2n5/2p5/4P3/5N2/PPPP1PPP/RNBQKB1R w KQkq -	e2e4 c7c5 g1f3 b8c6
B30	Sicilian Defense: Rossolimo Variation, Brooklyn Retreat Defense	rnbqkbnr/pp1ppppp/8/1Bp5/4P3/5N2/PPPP1PPP/RNBQK2R w KQkq -	e2e4 c7c5 g1f3 b8c6 f1b5 c6b8
B31	Sicilian Defense: Nyezhmetdinov-Rossolimo Attack, Fianchetto Variation, Gufeld Gambit	r1bqk1nr/pp1p1pbp/2n3p1/1Bp1p3/3PP3/2P2N2/PP3PPP/RNBQ1RK1 b kq -	e2e4 c7c5 g1f3 b8c6 f1b5 g7g6 e1g1 f8g7 c2c3 e7e5 d2d4
B31	Sicilian Defense: Nyezhmetdinov-Rossolimo Attack, Fianchetto Variation, Lutikov Gambit	r1bqk2r/pp1pppbp/2n2np1/1Bp5/3PP3/2P2N2/PP3PPP/RNBQ1RK1 b kq -	e2e4 c7c5 g1f3 b8c6 f1b5 g7g6 e1g1 f8g7 c2c3 g8f6 d2d4
B31	Sicilian Defense: Nyezhmetdinov-Rossolimo Attack, Fianchetto Variation	r1bqkbnr/pp1ppp1p/2n3p1/1Bp5/4P3/5N2/PPPP1PPP/RNBQK2R w KQkq -	e2e4 c7c5 g1f3 b8c6 f1b5 g7g6
B31	Sicilian Defense: Nyezhmetdinov-Rossolimo Attack, Fianchetto Variation, Totsky Attack	r1bqk2r/pp1pppbp/2n2np1/1Bp5/Q3P3/2P2N2/PP1P1PPP/RNB2RK1 b kq -	e2e4 c7c5 g1f3 b8c6 f1b5 g7g6 e1g1 f8g7 c2c3 g8f6 d1a4
B31	Sicilian Defense: Nyezhmetdinov-Rossolimo Attack, Gurgenidze Variation	r1bqk1nr/pp1p1pbp/2n3p1/1Bp1p3/1P2P3/5N2/P1PP1PPP/RNBQR1K1 b kq -	e2e4 c7c5 g1f3 b8c6 f1b5 g7g6 e1g1 f8g7 f1e1 e7e5 b2b4
B32	Sicilian Defense: Accelerated Dragon	r1bqkbnr/pp1ppp1p/2n3p1/8/3NP3/8/PPP2PPP/RNBQKB1R w KQkq -	e2e4 c7c5 g1f3 b8c6 d2d4 c5d4 f3d4 g7g6
B32	Sicilian Defense: Flohr Variation	r1b1kbnr/ppqppppp/2n5/8/3NP3/8/PPP2PPP/RNBQKB1R w KQkq -	e2e4 c7c5 g1f3 b8c6 d2d4 c5d4 f3d4 d8c7
B32	Sicilian Defense: Franco-Sicilian Variation	r1bqkbnr/pp1p1ppp/2n1p3/2p5/3PP3/5N2/PPP2PPP/RNBQKB1R w KQkq -	e2e4 c7c5 g1f3 b8c6 d2d4 e7e6
B32	Sicilian Defense: Godiva Variation	r1b1kbnr/pp1ppppp/1qn5/8/3NP3/8/PPP2PPP/RNBQKB1R w KQkq -	e2e4 c7c5 g1f3 b8c6 d2d4 c5d4 f3d4 d8b6
B32	Sicilian Defense: Kalashnikov Variation	r1bqkbnr/pp3ppp/2np4/1N2p3/4P3/8/PPP2PPP/RNBQKB1R w KQkq -	e2e4 c7c5 g1f3 b8c6 d2d4 c5d4 f3d4 e7e5 d4b5 d7d6
B32	Sicilian Defense: Löwenthal Variation	r1bqkbnr/pp1p1ppp/2n5/4p3/3NP3/8/PPP2PPP/RNBQKB1R w KQkq -	e2e4 c7c5 g1f3 b8c6 d2d4 c5d4 f3d4 e7e5
B32	Sicilian Defense: Nimzo-American Variation	r1bqkbnr/pp2pppp/2n5/3p4/3NP3/8/PPP2PPP/RNBQKB1R w KQkq -	e2e4 c7c5 g1f3 b8c6 d2d4 c5d4 f3d4 d7d5
B32	Sicilian Defense: O'Kelly Variation, Maróczy Bind, Geller Line	r1bqkbnr/1p1p1ppp/p1n5/4p3/2PNP3/8/PP3PPP/RNBQKB1R w KQkq -	e2e4 c7c5 g1f3 b8c6 d2d4 c5d4 f3d4 a7a6 c2c4 e7e5
B32	Sicilian Defense: Open	r1bqkbnr/pp1ppppp/2n5/2p5/3PP3/5N2/PPP2PPP/RNBQKB1R b KQkq -	e2e4 c7c5 g1f3 b8c6 d2d4
B32	Sicilian Defense: Open	r1bqkbnr/pp1ppppp/2n5/8/3NP3/8/PPP2PPP/RNBQKB1R b KQkq -	e2e4 c7c5 g1f3 b8c6 d2d4 c5d4 f3d4
B32	Sicilian Defense: Open	r1bqkbnr/pp1ppppp/2n5/8/3pP3/5N2/PPP2PPP/RNBQKB1R w KQkq -	e2e4 c7c5 g1f3 b8c6 d2d4 c5d4
B33	Sicilian Defense: Four Knights Variation, Cobra Variation	r1bqk2r/pp1p1ppp/2n1pn2/1Nb5/4P3/2N5/PPP2PPP/R1BQKB1R w KQkq -	e2e4 c7c5 g1f3 b8c6 d2d4 c5d4 f3d4 g8f6 b1c3 e7e6 d4b5 f8c5
B33	Sicilian Defense: Lasker-Pelikan Variation, Bird Variation	r2qkb1r/1p3ppp/p1npbn2/4p1B1/4P3/N1N5/PPP2PPP/R2QKB1R w KQkq -	e2e4 c7c5 g1f3 b8c6 d2d4 c5d4 f3d4 g8f6 b1c3 e7e5 d4b5 d7d6 c1g5 a7a6 b5a3 c8e6
B33	Sicilian Defense: Lasker-Pelikan Variation, Exchange Variation	r1bqkb1r/pp1p1ppp/2N2n2/4p3/4P3/2N5/PPP2PPP/R1BQKB1R b KQkq -	e2e4 c7c5 g1f3 b8c6 d2d4 c5d4 f3d4 g8f6 b1c3 e7e5 d4c6
B33	Sicilian Defense: Lasker-Pelikan Variation	r1bqkb1r/pp1p1ppp/2n2n2/4p3/3NP3/2N5/PPP2PPP/R1BQKB1R w KQkq -	e2e4 c7c5 g1f3 b8c6 d2d4 c5d4 f3d4 g8f6 b1c3 e7e5
B33	Sicilian Defense: Lasker-Pelikan Variation, Retreat Variation	r1bqkb1r/pp1p1ppp/2n2n2/4p3/4P3/2N2N2/PPP2PPP/R1BQKB1R b KQkq -	e2e4 c7c5 g1f3 b8c6 d2d4 c5d4 f3d4 g8f6 b1c3 e7e5 d4f3
B33	Sicilian Defense: Lasker-Pelikan Variation, Schlechter Variation	r1bqkb1r/pp1p1ppp/2n2n2/4p3/4P3/1NN5/PPP2PPP/R1BQKB1R b KQkq -	e2e4 c7c5 g1f3 b8c6 d2d4 c5d4 f3d4 g8f6 b1c3 e7e5 d4b3
B33	Sicilian Defense: Lasker-Pelikan Variation, Sveshnikov Variation, Chelyabinsk Variation	r1bqkb1r/5ppp/p1np1n2/1p1Np1B1/4P3/N7/PPP2PPP/R2QKB1R b KQkq -	e2e4 c7c5 g1f3 b8c6 d2d4 c5d4 f3d4 g8f6 b1c3 e7e5 d4b5 d7d6 c1g5 a7a6 b5a3 b7b5 c3d5
B33	Sicilian Defense: Lasker-Pelikan Variation, Sveshnikov Variation, Novosibirsk Variation	r1bqk2r/5pbp/p1np1p2/1p1Np3/4P3/N7/PPP2PPP/R2QKB1R w KQkq -	e2e4 c7c5 g1f3 b8c6 d2d4 c5d4 f3d4 g8f6 b1c3 e7e5 d4b5 d7d6 c1g5 a7a6 b5a3 b7b5 g5f6 g7f6 c3d5 f8g7
B33	Sicilian Defense: Lasker-Pelikan Variation, Sveshnikov Variation, Peresypkin's Sacrifice	r1bqkb1r/5p1p/p1np4/1B1Npp2/4P3/N7/PPP2PPP/R2QK2R b KQkq -	e2e4 c7c5 g1f3 b8c6 d2d4 c5d4 f3d4 g8f6 b1c3 e7e5 d4b5 d7d6 c1g5 a7a6 b5a3 b7b5 g5f6 g7f6 c3d5 f6f5 f1b5
B33	Sicilian Defense: Lasker-Pelikan Variation, Sveshnikov Variation	r1bqkb1r/5p1p/p1np4/1p1Npp2/4P3/N7/PPP2PPP/R2QKB1R w KQkq -	e2e4 c7c5 g1f3 b8c6 d2d4 c5d4 f3d4 g8f6 b1c3 e7e5 d4b5 d7d6 c1g5 a7a6 b5a3 b7b5 g5f6 g7f6 c3d5 f6f5
B33	Sicilian Defense: Lasker-Pelikan Variation, Sveshnikov Variation	r1bqkb1r/5ppp/p1np1n2/1p2p1B1/4P3/N1N5/PPP2PPP/R2QKB1R w KQkq -	e2e4 c7c5 g1f3 b8c6 d2d4 c5d4 f3d4 g8f6 b1c3 e7e5 d4b5 d7d6 c1g5 a7a6 b5a3 b7b5
B33	Sicilian Defense: Open	r1bqkb1r/pp1ppppp/2n2n2/8/3NP3/8/PPP2PPP/RNBQKB1R w KQkq -	e2e4 c7c5 g1f3 b8c6 d2d4 c5d4 f3d4 g8f6
B34	Sicilian Defense: Accelerated Dragon, Exchange Variation	r1bqkbnr/pp1ppp1p/2N3p1/8/4P3/8/PPP2PPP/RNBQKB1R b KQkq -	e2e4 c7c5 g1f3 b8c6 d2d4 c5d4 f3d4 g7g6 d4c6
B34	Sicilian Defense: Accelerated Dragon, Modern Variation	r1bqkbnr/pp1ppp1p/2n3p1/8/3NP3/2N5/PPP2PPP/R1BQKB1R b KQkq -	e2e4 c7c5 g1f3 b8c6 d2d4 c5d4 f3d4 g7g6 b1c3
B35	Sicilian Defense: Accelerated Dragon, Modern Bc4 Variation	r1bqk2r/pp1pppbp/2n2np1/8/2BNP3/2N1B3/PPP2PPP/R2QK2R b KQkq -	e2e4 c7c5 g1f3 b8c6 d2d4 c5d4 f3d4 g7g6 b1c3 f8g7 c1e3 g8f6 f1c4
B35	Sicilian Defense: Dragon Variation, Modern Bc4 Variation	r1bqk2r/pp2ppbp/2np1np1/8/2BNP3/2N1B3/PPP2PPP/R2QK2R w KQkq -	e2e4 c7c5 g1f3 b8c6 d2d4 c5d4 f3d4 g7g6 b1c3 f8g7 c1e3 g8f6 f1c4 d7d6
B36	Sicilian Defense: Accelerated Dragon, Maróczy Bind, Gurgenidze Variation	r1bqkb1r/pp2pp1p/3p1np1/8/2PQP3/2N5/PP3PPP/R1B1KB1R w KQkq -	e2e4 c7c5 g1f3 b8c6 d2d4 c5d4 f3d4 g7g6 c2c4 g8f6 b1c3 c6d4 d1d4 d7d6
B36	Sicilian Defense: Accelerated Dragon, Maróczy Bind	r1bqkbnr/pp1ppp1p/2n3p1/8/2PNP3/8/PP3PPP/RNBQKB1R b KQkq -	e2e4 c7c5 g1f3 b8c6 d2d4 c5d4 f3d4 g7g6 c2c4
B37	Sicilian Defense: Accelerated Fianchetto, Maróczy Bind	r1bqk1nr/pp1pppbp/2n3p1/8/2PNP3/8/PP3PPP/RNBQKB1R w KQkq -	e2e4 c7c5 g1f3 b8c6 d2d4 c5d4 f3d4 g7g6 c2c4 f8g7
B37	Sicilian Defense: Accelerated Fianchetto, Simagin Variation	r1bqk2r/pp2ppbp/2np2pn/8/2P1P3/8/PPN1BPPP/RNBQK2R w KQkq -	g1f3 c7c5 c2c4 g7g6 d2d4 c5d4 f3d4 b8c6 d4c2 f8g7 e2e4 d7d6 f1e2 g8h6
B38	Sicilian Defense: Accelerated Dragon, Maróczy Bind	r1bqk1nr/pp1pppbp/2n3p1/8/2PNP3/4B3/PP3PPP/RN1QKB1R b KQkq -	e2e4 c7c5 g1f3 b8c6 d2d4 c5d4 f3d4 g7g6 c2c4 f8g7 c1e3
B39	Sicilian Defense: Accelerated Dragon, Maróczy Bind, Breyer Variation	r1bqk2r/pp1pppbp/2n3p1/8/2PNP1n1/2N1B3/PP3PPP/R2QKB1R w KQkq -	e2e4 c7c5 g1f3 b8c6 d2d4 c5d4 f3d4 g7g6 c2c4 f8g7 c1e3 g8f6 b1c3 f6g4
B40	Sicilian Defense: Alapin Variation, Sherzer Variation	r1bqkb1r/pp1p1ppp/2n1p3/2pnP3/3P4/2P2N2/PP3PPP/RNBQKB1R w KQkq -	e2e4 c7c5 g1f3 e7e6 c2c3 g8f6 e4e5 f6d5 d2d4 b8c6
B40	Sicilian Defense: Delayed Alapin Variation	rnbqkbnr/pp1p1ppp/4p3/2p5/4P3/2P2N2/PP1P1PPP/RNBQKB1R b KQkq -	e2e4 c7c5 g1f3 e7e6 c2c3
B40	Sicilian Defense: Four Knights Variation, Exchange Variation	r1bqkb1r/pp1p1ppp/2N1pn2/8/4P3/2N5/PPP2PPP/R1BQKB1R b KQkq -	e2e4 c7c5 g1f3 e7e6 d2d4 c5d4 f3d4 g8f6 b1c3 b8c6 d4c6
B40	Sicilian Defense: Four Knights Variation	r1bqkb1r/pp1p1ppp/2n1pn2/8/3NP3/2N5/PPP2PPP/R1BQKB1R w KQkq -	e2e4 c7c5 g1f3 e7e6 d2d4 c5d4 f3d4 g8f6 b1c3 b8c6
B40	Sicilian Defense: French Variation, Normal	rnbqkb1r/pp1p1ppp/4pn2/8/3NP3/8/PPP2PPP/RNBQKB1R w KQkq -	e2e4 c7c5 g1f3 e7e6 d2d4 c5d4 f3d4 g8f6
B40	Sicilian Defense: French Variation, Open	rnbqkbnr/pp1p1ppp/4p3/8/3pP3/5N2/PPP2PPP/RNBQKB1R w KQkq -	e2e4 c7c5 g1f3 e7e6 d2d4 c5d4
B40	Sicilian Defense: French Variation	rnbqkbnr/pp1p1ppp/4p3/2p5/4P3/5N2/PPPP1PPP/RNBQKB1R w KQkq -	e2e4 c7c5 g1f3 e7e6
B40	Sicilian Defense: French Variation, Westerinen Attack	rnbqkbnr/pp1p1ppp/4p3/2p5/4P3/1P3N2/P1PP1PPP/RNBQKB1R b KQkq -	e2e4 c7c5 g1f3 e7e6 b2b3
B40	Sicilian Defense: Gaw-Paw Variation	rnb1kb1r/pp1p1ppp/1q2pn2/8/3NP3/2N5/PPP2PPP/R1BQKB1R w KQkq -	e2e4 c7c5 g1f3 e7e6 d2d4 c5d4 f3d4 g8f6 b1c3 d8b6
B40	Sicilian Defense: Kan Variation, Wing Attack, Fianchetto Variation	rnbqkbnr/3p1ppp/p3p3/1p6/3NP3/2N3P1/PPP2P1P/R1BQKB1R b KQkq -	e2e4 c7c5 g1f3 e7e6 b1c3 a7a6 g2g3 b7b5 d2d4 c5d4 f3d4
B40	Sicilian Defense: Kramnik Variation	rnbqkbnr/pp1p1ppp/4p3/2p5/2P1P3/5N2/PP1P1PPP/RNBQKB1R b KQkq -	e2e4 c7c5 g1f3 e7e6 c2c4
B40	Sicilian Defense: Kveinis Variation	rnb1kbnr/pp1p1ppp/1q2p3/8/3NP3/8/PPP2PPP/RNBQKB1R w KQkq -	e2e4 c7c5 g1f3 e7e6 d2d4 c5d4 f3d4 d8b6
B40	Sicilian Defense: Marshall Counterattack	rnbqkbnr/pp3ppp/4p3/2pp4/3PP3/5N2/PPP2PPP/RNBQKB1R w KQkq -	e2e4 c7c5 g1f3 e7e6 d2d4 d7d5
B40	Sicilian Defense: Paulsen-Basman Defense	rnbqk1nr/pp1p1ppp/4p3/2b5/3NP3/8/PPP2PPP/RNBQKB1R w KQkq -	e2e4 c7c5 g1f3 e7e6 d2d4 c5d4 f3d4 f8c5
B40	Sicilian Defense: Pin Variation, Jaffe Variation	rnbqk2r/pp1p1ppp/5n2/4p3/1b1NP3/2NB4/PPP2PPP/R1BQK2R w KQkq -	e2e4 c7c5 g1f3 e7e6 d2d4 c5d4 f3d4 g8f6 b1c3 f8b4 f1d3 e6e5
B40	Sicilian Defense: Pin Variation, Koch Variation	rnbqk2r/pp1p1ppp/4pn2/4P3/1b1N4/2N5/PPP2PPP/R1BQKB1R b KQkq -	e2e4 c7c5 g1f3 e7e6 d2d4 c5d4 f3d4 g8f6 b1c3 f8b4 e4e5
B40	Sicilian Defense: Pin Variation	rnbqk2r/pp1p1ppp/4pn2/8/1b1NP3/2N5/PPP2PPP/R1BQKB1R w KQkq -	e2e4 c7c5 g1f3 e7e6 d2d4 c5d4 f3d4 g8f6 b1c3 f8b4
B40	Sicilian Defense: Smith-Morra Gambit Deferred	rnbqkbnr/pp1p1ppp/4p3/8/3pP3/2P2N2/PP3PPP/RNBQKB1R b KQkq -	e2e4 c7c5 g1f3 e7e6 d2d4 c5d4 c2c3
B40	Sicilian Defense: Wing Gambit Deferred	rnbqkbnr/pp1p1ppp/4p3/2p5/1P2P3/5N2/P1PP1PPP/RNBQKB1R b KQkq -	e2e4 c7c5 g1f3 e7e6 b2b4
B41	Sicilian Defense: Kan, Maróczy Bind, Bronstein Variation	r1bqk2r/1p1p1ppp/p1n1pn2/8/1bPNP3/2N5/PPB2PPP/R1BQK2R b KQkq -	e2e4 c7c5 g1f3 e7e6 d2d4 c5d4 f3d4 a7a6 c2c4 g8f6 b1c3 f8b4 f1d3 b8c6 d3c2
B41	Sicilian Defense: Kan Variation, Maróczy Bind, Bronstein Variation	r1bqk2r/1p1p1ppp/p1n1pn2/8/1bPNP3/2NB4/PP3PPP/R1BQK2R w KQkq -	e2e4 c7c5 g1f3 e7e6 d2d4 c5d4 f3d4 a7a6 c2c4 g8f6 b1c3 f8b4 f1d3 b8c6
B41	Sicilian Defense: Kan Variation, Maróczy Bind, Hedgehog Variation	rnbqkbnr/1p1p1p1p/p3p1p1/8/2PNP3/8/PP3PPP/RNBQKB1R w KQkq -	e2e4 c7c5 g1f3 e7e6 d2d4 c5d4 f3d4 a7a6 c2c4 g7g6
B41	Sicilian Defense: Kan Variation, Maróczy Bind, Réti Variation	rnbqkbnr/1p1p1ppp/p3p3/8/2PNP3/8/PP3PPP/RNBQKB1R b KQkq -	e2e4 c7c5 g1f3 e7e6 d2d4 c5d4 f3d4 a7a6 c2c4
B41	Sicilian Defense: Kan Variation	rnbqkbnr/1p1p1ppp/p3p3/8/3NP3/8/PPP2PPP/RNBQKB1R w KQkq -	e2e4 c7c5 g1f3 e7e6 d2d4 c5d4 f3d4 a7a6
B42	Sicilian Defense: Kan, Gipslis Variation	rnbqkb1r/1p3p1p/p2ppnp1/8/2PNP3/3B4/PP3PPP/RNBQ1RK1 w kq -	e2e4 c7c5 g1f3 e7e6 d2d4 c5d4 f3d4 a7a6 f1d3 g8f6 e1g1 d7d6 c2c4 g7g6
B42	Sicilian Defense: Kan Variation, Modern Variation	rnbqkbnr/1p1p1ppp/p3p3/8/3NP3/3B4/PPP2PPP/RNBQK2R b KQkq -	e2e4 c7c5 g1f3 e7e6 d2d4 c5d4 f3d4 a7a6 f1d3
B42	Sicilian Defense: Kan Variation, Polugaevsky Variation	rnbqk1nr/1p1p1ppp/p3p3/2b5/3NP3/3B4/PPP2PPP/RNBQK2R w KQkq -	e2e4 c7c5 g1f3 e7e6 d2d4 c5d4 f3d4 a7a6 f1d3 f8c5
B42	Sicilian Defense: Kan Variation, Swiss Cheese Variation	rnbqkbnr/1p1p1p1p/p3p1p1/8/3NP3/3B4/PPP2PPP/RNBQK2R w KQkq -	e2e4 c7c5 g1f3 e7e6 d2d4 c5d4 f3d4 a7a6 f1d3 g7g6
B43	Sicilian Defense: Kan Variation, Knight Variation	rnbqkbnr/1p1p1ppp/p3p3/8/3NP3/2N5/PPP2PPP/R1BQKB1R b KQkq -	e2e4 c7c5 g1f3 e7e6 d2d4 c5d4 f3d4 a7a6 b1c3
B43	Sicilian Defense: Kan Variation, Wing Attack, Christiansen's Dream	rnb1k1nr/3p1ppp/pq2p3/1pb5/3NP1Q1/2NBB3/PPP2PPP/R3K2R b KQkq -	e2e4 c7c5 g1f3 e7e6 d2d4 c5d4 f3d4 a7a6 b1c3 b7b5 f1d3 d8b6 c1e3 f8c5 d1g4
B43	Sicilian Defense: Kan Variation, Wing Attack	rnbqkbnr/3p1ppp/p3p3/1p6/3NP3/2N5/PPP2PPP/R1BQKB1R w KQkq -	e2e4 c7c5 g1f3 e7e6 d2d4 c5d4 f3d4 a7a6 b1c3 b7b5
B43	Sicilian Defense: Kan Variation, Wing Attack, Spraggett Attack	rnb1kbnr/3p1ppp/pq2p3/1p6/4P3/2NB1N2/PPP2PPP/R1BQK2R b KQkq -	e2e4 c7c5 g1f3 e7e6 d2d4 c5d4 f3d4 a7a6 b1c3 b7b5 f1d3 d8b6 d4f3
B44	Sicilian Defense: Paulsen Variation, Gary Gambit	r1bqkb1r/1p3ppp/p1n1pn2/3p4/2P1P3/N1N5/PP3PPP/R1BQKB1R w KQkq -	e2e4 c7c5 g1f3 e7e6 d2d4 c5d4 f3d4 b8c6 d4b5 d7d6 c2c4 g8f6 b1c3 a7a6 b5a3 d6d5
B44	Sicilian Defense: Paulsen Variation, Modern Line	r1bq1rk1/4bppp/ppnppn2/8/2P1P3/N1N5/PP2BPPP/R1BQ1RK1 w - -	e2e4 c7c5 g1f3 e7e6 d2d4 c5d4 f3d4 b8c6 d4b5 d7d6 c2c4 g8f6 b1c3 a7a6 b5a3 f8e7 f1e2 e8g8 e1g1 b7b6
B44	Sicilian Defense: Paulsen Variation	r1bqkbnr/pp1p1ppp/2n1p3/8/3NP3/8/PPP2PPP/RNBQKB1R w KQkq -	e2e4 c7c5 g1f3 e7e6 d2d4 c5d4 f3d4 b8c6
B44	Sicilian Defense: Paulsen Variation, Szén Variation	r1bqkbnr/pp1p1ppp/2n1p3/1N6/4P3/8/PPP2PPP/RNBQKB1R b KQkq -	e2e4 c7c5 g1f3 e7e6 d2d4 c5d4 f3d4 b8c6 d4b5
B45	Sicilian Defense: Paulsen Variation, American Attack	r1bqk2r/pp1p1ppp/2nNpn2/8/1b2P3/2N5/PPP2PPP/R1BQKB1R b KQkq -	e2e4 c7c5 g1f3 e7e6 d2d4 c5d4 f3d4 g8f6 b1c3 b8c6 d4b5 f8b4 b5d6
B45	Sicilian Defense: Paulsen Variation, Normal Variation	r1bqkbnr/pp1p1ppp/2n1p3/8/3NP3/2N5/PPP2PPP/R1BQKB1R b KQkq -	e2e4 c7c5 g1f3 e7e6 d2d4 c5d4 f3d4 b8c6 b1c3
B46	Sicilian Defense: Paulsen Variation	r1bqkbnr/1p1p1ppp/p1n1p3/8/3NP3/2N5/PPP2PPP/R1BQKB1R w KQkq -	e2e4 c7c5 g1f3 e7e6 d2d4 c5d4 f3d4 b8c6 b1c3 a7a6
B46	Sicilian Defense: Paulsen Variation, Taimanov Variation	r1bqkb1r/1p1pnppp/p1n1p3/8/3NP3/2N5/PPP1BPPP/R1BQK2R w KQkq -	e2e4 c7c5 g1f3 e7e6 d2d4 c5d4 f3d4 b8c6 b1c3 a7a6 f1e2 g8e7
B47	Sicilian Defense: Paulsen Variation, Bastrikov Variation, Ponomariov Gambit	rqb1kbnr/1p1p1ppp/pBn1p3/1N6/4P3/2N5/PPP2PPP/R2QKB1R b KQkq -	e2e4 c7c5 g1f3 e7e6 d2d4 c5d4 f3d4 b8c6 b1c3 d8c7 d4b5 c7b8 c1e3 a7a6 e3b6
B47	Sicilian Defense: Paulsen Variation, Bastrikov Variation	r1b1kbnr/ppqp1ppp/2n1p3/8/3NP3/2N5/PPP2PPP/R1BQKB1R w KQkq -	e2e4 c7c5 g1f3 e7e6 d2d4 c5d4 f3d4 b8c6 b1c3 d8c7
B48	Sicilian Defense: Paulsen Variation, Bastrikov Variation, English Attack	r1b1kbnr/1pqp1ppp/p1n1p3/8/3NP3/2N1B3/PPPQ1PPP/R3KB1R b KQkq -	e2e4 c7c5 g1f3 e7e6 d2d4 c5d4 f3d4 b8c6 b1c3 d8c7 c1e3 a7a6 d1d2
B48	Sicilian Defense: Paulsen Variation, Bastrikov Variation, English Attack	r1b1kbnr/1pqp1ppp/p1n1p3/8/3NP3/2N1BP2/PPP3PP/R2QKB1R b KQkq -	e2e4 c7c5 g1f3 b8c6 d2d4 c5d4 f3d4 d8c7 b1c3 e7e6 c1e3 a7a6 f2f3
B48	Sicilian Defense: Paulsen Variation, Bastrikov Variation	r1b1kbnr/ppqp1ppp/2n1p3/8/3NP3/2N1B3/PPP2PPP/R2QKB1R b KQkq -	e2e4 c7c5 g1f3 e7e6 d2d4 c5d4 f3d4 b8c6 b1c3 d8c7 c1e3
B49	Sicilian Defense: Paulsen Variation, Bastrikov Variation	r1b1kbnr/1pqp1ppp/p1n1p3/8/3NP3/2N1B3/PPP1BPPP/R2QK2R b KQkq -	e2e4 c7c5 g1f3 e7e6 d2d4 c5d4 f3d4 b8c6 b1c3 d8c7 c1e3 a7a6 f1e2
B50	Sicilian Defense: Delayed Alapin, Basman-Palatnik Double Gambit	r1b1kb1r/pp2pppp/2np4/q2P4/8/2P2N2/P3BPPP/R1BQK2R b KQkq -	e2e4 c7c5 g1f3 d7d6 c2c3 g8f6 f1e2 b8c6 d2d4 c5d4 c3d4 f6e4 d4d5 d8a5 b1c3 e4c3 b2c3
B50	Sicilian Defense: Delayed Alapin, Basman-Palatnik Gambit	r1bqkb1r/pp2pppp/2np4/8/3Pn3/5N2/PP2BPPP/RNBQK2R w KQkq -	e2e4 c7c5 g1f3 d7d6 c2c3 g8f6 f1e2 b8c6 d2d4 c5d4 c3d4 f6e4
B50	Sicilian Defense: Delayed Alapin	rnbqkbnr/pp2pppp/3p4/2p5/4P3/2P2N2/PP1P1PPP/RNBQKB1R b KQkq -	e2e4 c7c5 g1f3 d7d6 c2c3
B50	Sicilian Defense: Kotov Gambit	rnbqkbnr/p3pppp/3p4/1pp5/4P3/5NP1/PPPP1P1P/RNBQKB1R w KQkq -	e2e4 c7c5 g1f3 d7d6 g2g3 b7b5
B50	Sicilian Defense: Modern Variations, Anti-Qxd4 Move Order Accepted	rnbqkb1r/pp2pppp/3p4/2P5/4n3/5N2/PPP2PPP/RNBQKB1R w KQkq -	e2e4 c7c5 g1f3 d7d6 d2d4 g8f6 d4c5 f6e4
B50	Sicilian Defense: Modern Variations, Anti-Qxd4 Move Order	rnbqkb1r/pp2pppp/3p1n2/2p5/3PP3/5N2/PPP2PPP/RNBQKB1R w KQkq -	e2e4 c7c5 g1f3 d7d6 d2d4 g8f6
B50	Sicilian Defense: Modern Variations, Tartakower	rnbqkbnr/pp2pppp/3p4/8/3pP3/2P2N2/PP3PPP/RNBQKB1R b KQkq -	e2e4 c7c5 g1f3 d7d6 d2d4 c5d4 c2c3
B50	Sicilian Defense	rnbqkbnr/pp2pppp/3p4/2p5/3PP3/5N2/PPP2PPP/RNBQKB1R b KQkq -	e2e4 c7c5 g1f3 d7d6 d2d4
B50	Sicilian Defense	rnbqkbnr/pp2pppp/3p4/2p5/4P3/5N2/PPPP1PPP/RNBQKB1R w KQkq -	e2e4 c7c5 g1f3 d7d6
B50	Sicilian Defense	rnbqkbnr/pp2pppp/3p4/8/3pP3/5N2/PPP2PPP/RNBQKB1R w KQkq -	e2e4 c7c5 g1f3 d7d6 d2d4 c5d4
B50	Sicilian Defense: Wing Gambit, Deferred Variation	rnbqkbnr/pp2pppp/3p4/2p5/1P2P3/5N2/P1PP1PPP/RNBQKB1R b KQkq -	e2e4 c7c5 g1f3 d7d6 b2b4
B51	Sicilian Defense: Canal Attack, Dorfman Gambit	r2qkbnr/pp1bpp1p/2np2p1/1Bp1P3/8/5N2/PPPPQPPP/RNB2RK1 b kq -	e2e4 c7c5 g1f3 d7d6 f1b5 b8c6 e1g1 c8d7 d1e2 g7g6 e4e5
B51	Sicilian Defense: Canal Attack, Moscow Gambit	r2qkb1r/1p2pppp/p2p1n2/2p3B1/3Pb3/2P2N2/PP3PPP/RN1QR1K1 b kq -	e2e4 c7c5 g1f3 d7d6 f1b5 b8c6 e1g1 c8d7 c2c3 g8f6 f1e1 a7a6 b5c6 d7c6 d2d4 c6e4 c1g5
B51	Sicilian Defense: Canal-Sokolsky Attack	rnbqkbnr/pp2pppp/3p4/1Bp5/4P3/5N2/PPPP1PPP/RNBQK2R b KQkq -	e2e4 c7c5 g1f3 d7d6 f1b5
B52	Sicilian Defense: Canal Attack, Haag Gambit	r3kb1r/pp1qpppp/2np1n2/2p5/3PP3/2P2N2/PP3PPP/RNBQ1RK1 b kq -	e2e4 c7c5 g1f3 d7d6 f1b5 c8d7 b5d7 d8d7 e1g1 b8c6 c2c3 g8f6 d2d4
B52	Sicilian Defense: Canal Attack, Main Line	rn1qkbnr/pp1bpppp/3p4/1Bp5/4P3/5N2/PPPP1PPP/RNBQK2R w KQkq -	e2e4 c7c5 g1f3 d7d6 f1b5 c8d7
B52	Sicilian Defense: Canal-Sokolsky Attack, Sokolsky Variation	rn2kbnr/pp1qpppp/3p4/2p5/2P1P3/5N2/PP1P1PPP/RNBQK2R b KQkq -	e2e4 c7c5 g1f3 d7d6 f1b5 c8d7 b5d7 d8d7 c2c4
B53	Sicilian Defense: Chekhover Variation	rnbqkbnr/pp2pppp/3p4/8/3QP3/5N2/PPP2PPP/RNB1KB1R b KQkq -	e2e4 c7c5 g1f3 d7d6 d2d4 c5d4 d1d4
B53	Sicilian Defense: Chekhover Variation, Zaitsev Defense	r1b1kbnr/pp1qpppp/2np4/1B6/3QP3/5N2/PPP2PPP/RNB1K2R w KQkq -	e2e4 c7c5 g1f3 d7d6 d2d4 c5d4 d1d4 b8c6 f1b5 d8d7
B54	Sicilian Defense: Accelerated Dragon	rnbqkbnr/pp2pp1p/3p2p1/8/3NP3/8/PPP2PPP/RNBQKB1R w KQkq -	e2e4 c7c5 g1f3 d7d6 d2d4 c5d4 f3d4 g7g6
B54	Sicilian Defense: Modern Variations, Main Line	rnbqkb1r/pp2pppp/3p1n2/8/3NP3/8/PPP2PPP/RNBQKB1R w KQkq -	e2e4 c7c5 g1f3 d7d6 d2d4 c5d4 f3d4 g8f6
B54	Sicilian Defense: Prins Variation	rnbqkb1r/pp2pppp/3p1n2/8/3NP3/5P2/PPP3PP/RNBQKB1R b KQkq -	e2e4 c7c5 g1f3 d7d6 d2d4 c5d4 f3d4 g8f6 f2f3
B55	Sicilian Defense: Prins Variation, Venice Attack	rnbqkb1r/pp3ppp/3p1n2/1B2p3/3NP3/5P2/PPP3PP/RNBQK2R b KQkq -	e2e4 c7c5 g1f3 d7d6 d2d4 c5d4 f3d4 g8f6 f2f3 e7e5 f1b5
B56	Sicilian Defense: Classical Variation, Fianchetto Variation	r1bqkb1r/pp2pppp/2np1n2/8/3NP3/2N3P1/PPP2P1P/R1BQKB1R b KQkq -	e2e4 c7c5 g1f3 d7d6 d2d4 c5d4 f3d4 g8f6 b1c3 b8c6 g2g3
B56	Sicilian Defense: Classical Variation	r1bqkb1r/pp2pppp/2np1n2/8/3NP3/2N5/PPP2PPP/R1BQKB1R w KQkq -	e2e4 c7c5 g1f3 d7d6 d2d4 c5d4 f3d4 g8f6 b1c3 b8c6
B56	Sicilian Defense: Kupreichik Variation	rn1qkb1r/pp1bpppp/3p1n2/8/3NP3/2N5/PPP2PPP/R1BQKB1R w KQkq -	e2e4 c7c5 g1f3 d7d6 d2d4 c5d4 f3d4 g8f6 b1c3 c8d7
B56	Sicilian Defense: Modern Variations	rnbqkb1r/pp2pppp/3p1n2/8/3NP3/2N5/PPP2PPP/R1BQKB1R b KQkq -	e2e4 c7c5 g1f3 d7d6 d2d4 c5d4 f3d4 g8f6 b1c3
B56	Sicilian Defense: Spielmann Variation	r1bqkb1r/pp2pppp/2np1n2/8/4P3/2N5/PPP1NPPP/R1BQKB1R b KQkq -	e2e4 c7c5 g1f3 b8c6 d2d4 c5d4 f3d4 g8f6 b1c3 d7d6 d4e2
B56	Sicilian Defense: Venice Attack	rnbqkb1r/pp3ppp/3p1n2/1B2p3/3NP3/2N5/PPP2PPP/R1BQK2R b KQkq -	e2e4 c7c5 g1f3 d7d6 d2d4 c5d4 f3d4 g8f6 b1c3 e7e5 f1b5
B56	Sicilian Defense: Yates Variation	r1bqkb1r/pp2pppp/2np1n2/8/3NP3/2NB4/PPP2PPP/R1BQK2R b KQkq -	e2e4 c7c5 g1f3 b8c6 d2d4 c5d4 f3d4 g8f6 b1c3 d7d6 f1d3
B57	Sicilian Defense: Classical Variation, Anti-Sozin Variation	r1b1kb1r/pp2pppp/1qnp1n2/8/2BNP3/2N5/PPP2PPP/R1BQK2R w KQkq -	e2e4 c7c5 g1f3 b8c6 d2d4 c5d4 f3d4 g8f6 b1c3 d7d6 f1c4 d8b6
B57	Sicilian Defense: Magnus Smith Trap	r1bqkb1r/p3pp1p/2pp1np1/4P3/2B5/2N5/PPP2PPP/R1BQK2R b KQkq -	e2e4 c7c5 g1f3 b8c6 d2d4 c5d4 f3d4 g8f6 b1c3 d7d6 f1c4 g7g6 d4c6 b7c6 e4e5
B57	Sicilian Defense: Sozin, not Scheveningen	r1bqkb1r/pp2pppp/2np1n2/8/2BNP3/2N5/PPP2PPP/R1BQK2R b KQkq -	e2e4 c7c5 g1f3 b8c6 d2d4 c5d4 f3d4 g8f6 b1c3 d7d6 f1c4
B58	Sicilian Defense: Boleslavsky Variation, Louma Variation	r1bqkb1r/pp3ppp/2Np1n2/4p3/4P3/2N5/PPP1BPPP/R1BQK2R b KQkq -	e2e4 c7c5 g1f3 b8c6 d2d4 c5d4 f3d4 g8f6 b1c3 d7d6 f1e2 e7e5 d4c6
B58	Sicilian Defense: Boleslavsky Variation	r1bqkb1r/pp3ppp/2np1n2/4p3/3NP3/2N5/PPP1BPPP/R1BQK2R w KQkq -	e2e4 c7c5 g1f3 d7d6 d2d4 c5d4 f3d4 g8f6 b1c3 b8c6 f1e2 e7e5
B58	Sicilian Defense: Classical Variation, Dragon Transfer	r1bqkb1r/pp2pp1p/3p1np1/8/3QP3/2N5/PPP1BPPP/R1B1K2R w KQkq -	e2e4 c7c5 g1f3 d7d6 d2d4 c5d4 f3d4 g8f6 b1c3 b8c6 f1e2 c6d4 d1d4 g7g6
B58	Sicilian Defense: Classical Variation	r1bqkb1r/pp2pppp/2np1n2/8/3NP3/2N5/PPP1BPPP/R1BQK2R b KQkq -	e2e4 c7c5 g1f3 d7d6 d2d4 c5d4 f3d4 g8f6 b1c3 b8c6 f1e2
B59	Sicilian Defense: Boleslavsky Variation	r1bqkb1r/pp3ppp/2np1n2/4p3/4P3/1NN5/PPP1BPPP/R1BQK2R b KQkq -	e2e4 c7c5 g1f3 b8c6 d2d4 c5d4 f3d4 g8f6 b1c3 d7d6 f1e2 e7e5 d4b3
B60	Sicilian Defense: Richter-Rauzer Variation, Dragon Variation	r1bqkb1r/pp2pp1p/2np1np1/6B1/3NP3/2N5/PPP2PPP/R2QKB1R w KQkq -	e2e4 c7c5 g1f3 b8c6 d2d4 c5d4 f3d4 g8f6 b1c3 d7d6 c1g5 g7g6
B60	Sicilian Defense: Richter-Rauzer Variation, Modern Variation	r2qkb1r/pp1bpppp/2np1n2/6B1/3NP3/2N5/PPP2PPP/R2QKB1R w KQkq -	e2e4 c7c5 g1f3 d7d6 d2d4 c5d4 f3d4 g8f6 b1c3 b8c6 c1g5 c8d7
B60	Sicilian Defense: Richter-Rauzer Variation	r1bqkb1r/pp2pppp/2np1n2/6B1/3NP3/2N5/PPP2PPP/R2QKB1R b KQkq -	e2e4 c7c5 g1f3 d7d6 d2d4 c5d4 f3d4 g8f6 b1c3 b8c6 c1g5
B61	Sicilian Defense: Richter-Rauzer Variation, Modern Variation	r2qkb1r/pp1bpppp/2np1n2/6B1/3NP3/2N5/PPPQ1PPP/R3KB1R b KQkq -	e2e4 c7c5 g1f3 b8c6 d2d4 c5d4 f3d4 g8f6 b1c3 d7d6 c1g5 c8d7 d1d2
B62	Sicilian Defense: Richter-Rauzer	r1bqkb1r/pp3ppp/2nppn2/6B1/3NP3/2NQ4/PPP2PPP/R3KB1R b KQkq -	e2e4 c7c5 g1f3 d7d6 d2d4 c5d4 f3d4 g8f6 b1c3 b8c6 c1g5 e7e6 d1d3
B62	Sicilian Defense: Richter-Rauzer Variation, Exchange Variation	r1bqkb1r/pp3ppp/2Nppn2/6B1/4P3/2N5/PPP2PPP/R2QKB1R b KQkq -	e2e4 c7c5 g1f3 d7d6 d2d4 c5d4 f3d4 g8f6 b1c3 b8c6 c1g5 e7e6 d4c6
B62	Sicilian Defense: Richter-Rauzer Variation, Podebrady Variation	r1bqkb1r/pp3ppp/2nppn2/6B1/4P3/1NN5/PPP2PPP/R2QKB1R b KQkq -	e2e4 c7c5 g1f3 b8c6 d2d4 c5d4 f3d4 g8f6 b1c3 d7d6 c1g5 e7e6 d4b3
B62	Sicilian Defense: Richter-Rauzer Variation	r1bqkb1r/pp3ppp/2nppn2/6B1/3NP3/2N5/PPP2PPP/R2QKB1R w KQkq -	e2e4 c7c5 g1f3 d7d6 d2d4 c5d4 f3d4 g8f6 b1c3 b8c6 c1g5 e7e6
B62	Sicilian Defense: Richter-Rauzer Variation, Vitolins Variation	r1bqkb1r/pp3ppp/2nppn2/1B4B1/3NP3/2N5/PPP2PPP/R2QK2R b KQkq -	e2e4 c7c5 g1f3 d7d6 d2d4 c5d4 f3d4 g8f6 b1c3 b8c6 c1g5 e7e6 f1b5
B63	Sicilian Defense: Richter-Rauzer Variation, Classical Variation, Kantscher Line	r1bqk2r/4bppp/p2ppn2/1p4B1/3QPP2/2N5/PPP3PP/2KR1B1R w kq -	e2e4 c7c5 g1f3 d7d6 d2d4 c5d4 f3d4 g8f6 b1c3 b8c6 c1g5 e7e6 d1d2 f8e7 e1c1 c6d4 d2d4 a7a6 f2f4 b7b5
B63	Sicilian Defense: Richter-Rauzer Variation, Classical Variation	r1bqk2r/pp2bppp/2nppn2/6B1/3NP3/2N5/PPPQ1PPP/R3KB1R w KQkq -	e2e4 c7c5 g1f3 d7d6 d2d4 c5d4 f3d4 g8f6 b1c3 b8c6 c1g5 e7e6 d1d2 f8e7
B63	Sicilian Defense: Richter-Rauzer Variation, Ivanov Variation	r1b1kb1r/pp3ppp/1qnppn2/6B1/3NP3/2N5/PPPQ1PPP/R3KB1R w KQkq -	e2e4 c7c5 g1f3 d7d6 d2d4 c5d4 f3d4 g8f6 b1c3 b8c6 c1g5 e7e6 d1d2 d8b6
B63	Sicilian Defense: Richter-Rauzer Variation, Traditional Variation	r1bqkb1r/pp3ppp/2nppn2/6B1/3NP3/2N5/PPPQ1PPP/R3KB1R b KQkq -	e2e4 c7c5 g1f3 d7d6 d2d4 c5d4 f3d4 g8f6 b1c3 b8c6 c1g5 e7e6 d1d2
B64	Sicilian Defense: Richter-Rauzer Variation, Classical Variation	r1bq1rk1/pp2bppp/2np1n2/4p1B1/3NPP2/2N5/PPPQ2PP/2KR1B1R w - -	e2e4 c7c5 g1f3 b8c6 d2d4 c5d4 f3d4 g8f6 b1c3 d7d6 c1g5 e7e6 d1d2 f8e7 e1c1 e8g8 f2f4 e6e5
B64	Sicilian Defense: Richter-Rauzer Variation, Classical Variation	r1bq1rk1/pp2bppp/2nppn2/6B1/3NPP2/2N5/PPPQ2PP/2KR1B1R b - -	e2e4 c7c5 g1f3 d7d6 d2d4 c5d4 f3d4 g8f6 b1c3 b8c6 c1g5 e7e6 d1d2 f8e7 e1c1 e8g8 f2f4
B65	Sicilian Defense: Richter-Rauzer, Rauzer Attack	r1bq1rk1/pp2bppp/3ppn2/6B1/3nPP2/2N5/PPPQ2PP/2KR1B1R w - -	e2e4 c7c5 g1f3 d7d6 d2d4 c5d4 f3d4 g8f6 b1c3 b8c6 c1g5 e7e6 d1d2 f8e7 e1c1 e8g8 f2f4 c6d4
B65	Sicilian Defense: Richter-Rauzer Variation, Classical Variation	r1bq1rk1/pp2bppp/3ppn2/6B1/3QPP2/2N5/PPP3PP/2KR1B1R b - -	e2e4 c7c5 g1f3 d7d6 d2d4 c5d4 f3d4 g8f6 b1c3 b8c6 c1g5 e7e6 d1d2 f8e7 e1c1 e8g8 f2f4 c6d4 d2d4
B66	Sicilian Defense: Richter-Rauzer Variation, Neo-Modern Variation, Early Deviations	r1bqkb1r/1p3ppp/p1nppn2/6B1/3NP3/2N5/PPPQ1PPP/R3KB1R w KQkq -	e2e4 c7c5 g1f3 d7d6 d2d4 c5d4 f3d4 g8f6 b1c3 b8c6 c1g5 e7e6 d1d2 a7a6
B67	Sicilian Defense: Richter-Rauzer Variation, Neo-Modern Variation	r2qkb1r/1p1b1ppp/p1nppn2/6B1/3NP3/2N5/PPPQ1PPP/2KR1B1R w kq -	e2e4 c7c5 g1f3 b8c6 d2d4 c5d4 f3d4 g8f6 b1c3 d7d6 c1g5 e7e6 d1d2 a7a6 e1c1 c8d7
B68	Sicilian Defense: Richter-Rauzer Variation, Neo-Modern Variation	r2qk2r/1p1bbppp/p1nppn2/6B1/3NPP2/2N5/PPPQ2PP/2KR1B1R w kq -	e2e4 c7c5 g1f3 b8c6 d2d4 c5d4 f3d4 g8f6 b1c3 d7d6 c1g5 e7e6 d1d2 a7a6 e1c1 c8d7 f2f4 f8e7
B69	Sicilian Defense: Richter-Rauzer Variation, Neo-Modern Variation, Nyezhmetdinov Attack	r2qk2r/3bbppp/p1nppB2/1p6/4PP2/2N2N2/PPPQ2PP/2KR1B1R b kq -	e2e4 c7c5 g1f3 b8c6 d2d4 c5d4 f3d4 g8f6 b1c3 d7d6 c1g5 e7e6 d1d2 a7a6 e1c1 c8d7 f2f4 f8e7 d4f3 b7b5 g5f6
B70	Sicilian Defense: Dragon Variation, Classical Variation	rnbqkb1r/pp2pp1p/3p1np1/8/3NP3/2N5/PPP1BPPP/R1BQK2R b KQkq -	e2e4 c7c5 g1f3 d7d6 d2d4 c5d4 f3d4 g8f6 b1c3 g7g6 f1e2
B70	Sicilian Defense: Dragon Variation, Fianchetto Variation	rnbqkb1r/pp2pp1p/3p1np1/8/3NP3/2N3P1/PPP2P1P/R1BQKB1R b KQkq -	e2e4 c7c5 g1f3 d7d6 d2d4 c5d4 f3d4 g8f6 b1c3 g7g6 g2g3
B70	Sicilian Defense: Dragon Variation	rnbqkb1r/pp2pp1p/3p1np1/8/3NP3/2N5/PPP2PPP/R1BQKB1R w KQkq -	e2e4 c7c5 g1f3 d7d6 d2d4 c5d4 f3d4 g8f6 b1c3 g7g6
B71	Sicilian Defense: Dragon Variation, Levenfish Variation, Main Line	r1bqkb1r/pp1npp1p/3p1np1/8/3NPP2/2N5/PPP3PP/R1BQKB1R w KQkq -	e2e4 c7c5 g1f3 d7d6 d2d4 c5d4 f3d4 g8f6 b1c3 g7g6 f2f4 b8d7
B71	Sicilian Defense: Dragon Variation, Levenfish Variation	rnbqkb1r/pp2pp1p/3p1np1/8/3NPP2/2N5/PPP3PP/R1BQKB1R b KQkq -	e2e4 c7c5 g1f3 d7d6 d2d4 c5d4 f3d4 g8f6 b1c3 g7g6 f2f4
B72	Sicilian Defense: Dragon, Classical, Amsterdam Variation	r1bqk2r/pp2ppbp/2np1np1/8/3NP3/2N1B3/PPPQBPPP/R3K2R b KQkq -	e2e4 c7c5 g1f3 b8c6 d2d4 c5d4 f3d4 g8f6 b1c3 d7d6 f1e2 g7g6 c1e3 f8g7 d1d2
B72	Sicilian Defense: Dragon, Classical Attack	rnbqk2r/pp2ppbp/3p1np1/8/3NP3/2N1B3/PPP1BPPP/R2QK2R b KQkq -	e2e4 c7c5 g1f3 d7d6 d2d4 c5d4 f3d4 g8f6 b1c3 g7g6 c1e3 f8g7 f1e2
B72	Sicilian Defense: Dragon, Classical, Grigoriev Variation	r1bq1rk1/pp2ppbp/2np1np1/8/3NP3/2N1B3/PPPQBPPP/2KR3R b - -	e2e4 c7c5 g1f3 b8c6 d2d4 c5d4 f3d4 g8f6 b1c3 d7d6 f1e2 g7g6 c1e3 f8g7 d1d2 e8g8 e1c1
B72	Sicilian Defense: Dragon	rnbqkb1r/pp2pp1p/3p1np1/8/3NP3/2N1B3/PPP2PPP/R2QKB1R b KQkq -	e2e4 c7c5 g1f3 d7d6 d2d4 c5d4 f3d4 g8f6 b1c3 g7g6 c1e3
B72	Sicilian Defense: Dragon Variation, Classical Variation	r1bqk2r/pp2ppbp/2np1np1/8/3NP3/2N1B3/PPP1BPPP/R2QK2R w KQkq -	e2e4 c7c5 g1f3 d7d6 d2d4 c5d4 f3d4 g8f6 b1c3 g7g6 c1e3 f8g7 f1e2 b8c6
B72	Sicilian Defense: Dragon Variation, Classical Variation	r1bqk2r/pp2ppbp/2np1np1/8/4P3/1NN1B3/PPP1BPPP/R2QK2R b KQkq -	e2e4 c7c5 g1f3 d7d6 d2d4 c5d4 f3d4 g8f6 b1c3 g7g6 c1e3 f8g7 f1e2 b8c6 d4b3
B73	Sicilian Defense: Dragon, Classical, Zollner Gambit	r1b2rk1/pp2ppbp/1qnp1np1/4P3/3N1P2/2N1B3/PPP1B1PP/R2Q1RK1 b - -	e2e4 c7c5 g1f3 b8c6 d2d4 c5d4 f3d4 g7g6 c1e3 f8g7 f1e2 g8f6 b1c3 e8g8 e1g1 d7d6 f2f4 d8b6 e4e5
B73	Sicilian Defense: Dragon Variation, Classical Variation, Battery Variation	r1bq1rk1/pp2ppbp/2np1np1/8/3NP3/2N1B3/PPPQBPPP/R4RK1 b - -	e2e4 c7c5 g1f3 d7d6 d2d4 c5d4 f3d4 g8f6 b1c3 g7g6 f1e2 f8g7 e1g1 e8g8 c1e3 b8c6 d1d2
B73	Sicilian Defense: Dragon Variation, Classical Variation	r1bqk2r/pp2ppbp/2np1np1/8/3NP3/2N1B3/PPP1BPPP/R2Q1RK1 b kq -	e2e4 c7c5 g1f3 d7d6 d2d4 c5d4 f3d4 g8f6 b1c3 g7g6 f1e2 f8g7 e1g1 b8c6 c1e3
B74	Sicilian Defense: Dragon, Classical, Bernard Defense	r2q1rk1/pp2ppbp/5np1/n2p1P2/4P3/1NNPB3/PP4PP/R2Q1RK1 w - -	e2e4 c7c5 g1f3 g7g6 d2d4 c5d4 f3d4 g8f6 b1c3 d7d6 f1e2 f8g7 e1g1 e8g8 c1e3 b8c6 d4b3 c8e6 f2f4 c6a5 f4f5 e6c4 e2d3 c4d3 c2d3 d6d5
B74	Sicilian Defense: Dragon, Classical, Spielmann Variation	r2q1rk1/pp2ppbp/3p1np1/n4P2/2b1P3/1NNBB3/PPP3PP/R2Q1RK1 b - -	e2e4 c7c5 g1f3 b8c6 d2d4 c5d4 f3d4 g7g6 b1c3 f8g7 c1e3 g8f6 f1e2 e8g8 d4b3 d7d6 e1g1 c8e6 f2f4 c6a5 f4f5 e6c4 e2d3
B74	Sicilian Defense: Dragon Variation, Classical Variation, Alekhine Line	r1bq1rk1/1p2ppbp/2np1np1/p7/4P3/1NN1B3/PPP1BPPP/R2Q1RK1 w - -	e2e4 c7c5 g1f3 b8c6 d2d4 c5d4 f3d4 g7g6 b1c3 f8g7 c1e3 g8f6 f1e2 e8g8 e1g1 d7d6 d4b3 a7a5
B74	Sicilian Defense: Dragon Variation, Classical Variation, Maróczy Line	r2q1rk1/pp2ppbp/3pbnp1/n7/4PP2/1NN1B3/PPP1B1PP/R2Q1RK1 w - -	e2e4 c7c5 g1f3 d7d6 d2d4 c5d4 f3d4 g8f6 b1c3 g7g6 f1e2 f8g7 e1g1 e8g8 c1e3 b8c6 d4b3 c8e6 f2f4 c6a5
B74	Sicilian Defense: Dragon Variation, Classical Variation, Normal Line	r1bq1rk1/pp2ppbp/2np1np1/8/4P3/1NN1B3/PPP1BPPP/R2Q1RK1 b - -	e2e4 c7c5 g1f3 d7d6 d2d4 c5d4 f3d4 g8f6 b1c3 g7g6 f1e2 f8g7 e1g1 e8g8 c1e3 b8c6 d4b3
B74	Sicilian Defense: Dragon Variation, Classical Variation, Stockholm Attack	r4rk1/pp2ppbp/3p1np1/q4P2/4P1P1/2N1B3/PPP1Q2P/R4RK1 b - -	e2e4 c7c5 b1c3 d7d6 f2f4 b8c6 g1f3 g7g6 d2d4 c5d4 f3d4 f8g7 c1e3 g8f6 f1e2 e8g8 d4b3 c8e6 e1g1 c6a5 f4f5 e6c4 b3a5 c4e2 d1e2 d8a5 g2g4
B74	Sicilian Defense: Dragon Variation, Classical Variation, Tartakower Line	r1q2rk1/pp2ppbp/2npbnp1/8/4PP2/1NN1B3/PPP1B1PP/R2Q1RK1 w - -	e2e4 c7c5 g1f3 d7d6 d2d4 c5d4 f3d4 g8f6 b1c3 g7g6 f1e2 f8g7 e1g1 e8g8 c1e3 b8c6 d4b3 c8e6 f2f4 d8c8
B75	Sicilian Defense: Dragon Variation, Yugoslav Attack, Belezky Line	r1bqk2r/pp2ppbp/2np1np1/8/3NP3/2N1BP2/PPP3PP/R2QKB1R w KQkq -	e2e4 c7c5 g1f3 d7d6 d2d4 c5d4 f3d4 g8f6 b1c3 g7g6 c1e3 f8g7 f2f3 b8c6
B75	Sicilian Defense: Dragon Variation, Yugoslav Attack, Early Deviations	rnbqk2r/pp2ppbp/3p1np1/8/3NP3/2N1BP2/PPP3PP/R2QKB1R b KQkq -	e2e4 c7c5 g1f3 d7d6 d2d4 c5d4 f3d4 g8f6 b1c3 g7g6 c1e3 f8g7 f2f3
B76	Sicilian Defense: Dragon Variation, Yugoslav Attack, Modern Line	r1bq1rk1/pp2ppbp/2np1np1/8/3NP3/2N1BP2/PPPQ2PP/2KR1B1R b - -	e2e4 c7c5 g1f3 d7d6 d2d4 c5d4 f3d4 g8f6 b1c3 g7g6 c1e3 f8g7 f2f3 b8c6 d1d2 e8g8 e1c1
B76	Sicilian Defense: Dragon Variation, Yugoslav Attack, Panov Variation	r1bq1rk1/pp2ppbp/2np1np1/8/3NP1P1/2N1BP2/PPPQ3P/R3KB1R b KQ -	e2e4 c7c5 g1f3 d7d6 d2d4 c5d4 f3d4 g8f6 b1c3 g7g6 c1e3 f8g7 f2f3 e8g8 d1d2 b8c6 g2g4
B76	Sicilian Defense: Dragon Variation, Yugoslav Attack	r1bq1rk1/pp2ppbp/2np1np1/8/3NP3/2N1BP2/PPPQ2PP/R3KB1R w KQ -	e2e4 c7c5 g1f3 d7d6 d2d4 c5d4 f3d4 g8f6 b1c3 g7g6 c1e3 f8g7 f2f3 e8g8 d1d2 b8c6
B76	Sicilian Defense: Dragon Variation, Yugoslav Attack	rnbq1rk1/pp2ppbp/3p1np1/8/3NP3/2N1BP2/PPP3PP/R2QKB1R w KQ -	e2e4 c7c5 g1f3 d7d6 d2d4 c5d4 f3d4 g8f6 b1c3 g7g6 c1e3 f8g7 f2f3 e8g8
B77	Sicilian Defense: Dragon Variation, Yugoslav Attack, Czerniak Variation	r2q1rk1/pp2ppbp/3pbnp1/8/2BBP3/2N2P2/PPPQ2PP/R3K2R w KQ -	e2e4 c7c5 g1f3 d7d6 d2d4 c5d4 f3d4 g8f6 b1c3 g7g6 c1e3 f8g7 f2f3 b8c6 d1d2 e8g8 f1c4 c6d4 e3d4 c8e6
B77	Sicilian Defense: Dragon Variation, Yugoslav Attack, Main Line	r1bq1rk1/pp2ppbp/2np1np1/8/2BNP3/2N1BP2/PPPQ2PP/R3K2R b KQ -	e2e4 c7c5 g1f3 d7d6 d2d4 c5d4 f3d4 g8f6 b1c3 g7g6 c1e3 f8g7 f2f3 e8g8 d1d2 b8c6 f1c4
B77	Sicilian Defense: Dragon Variation, Yugoslav Attack	r2q1rk1/pp1bppbp/2np1np1/8/2BNP3/2N1BP2/PPPQ2PP/R3K2R w KQ -	e2e4 c7c5 g1f3 d7d6 d2d4 c5d4 f3d4 g8f6 b1c3 g7g6 c1e3 f8g7 f2f3 e8g8 d1d2 b8c6 f1c4 c8d7
B77	Sicilian Defense: Dragon Variation, Yugoslav Attack, Sosonko Variation	r1bq1rk1/pp1nppbp/2np2p1/8/2BNP3/2N1BP2/PPPQ2PP/R3K2R w KQ -	e2e4 c7c5 g1f3 d7d6 d2d4 c5d4 f3d4 g8f6 b1c3 g7g6 c1e3 f8g7 f2f3 b8c6 d1d2 e8g8 f1c4 f6d7
B77	Sicilian Defense: Dragon, Yugoslav Attack, Byrne Variation	r1bq1rk1/1p2ppbp/2np1np1/p7/2BNP3/2N1BP2/PPPQ2PP/R3K2R w KQ -	e2e4 c7c5 g1f3 d7d6 d2d4 c5d4 f3d4 g8f6 b1c3 g7g6 c1e3 f8g7 f2f3 e8g8 d1d2 b8c6 f1c4 a7a5
B78	Sicilian Defense: Dragon Variation, Yugoslav Attack, Old Line	2rq1rk1/pp1bppbp/2np1np1/8/2BNP3/2N1BP2/PPPQ2PP/2KR3R w - -	e2e4 c7c5 g1f3 d7d6 d2d4 c5d4 f3d4 g8f6 b1c3 g7g6 c1e3 f8g7 f2f3 e8g8 d1d2 b8c6 f1c4 c8d7 e1c1 a8c8
B78	Sicilian Defense: Dragon Variation, Yugoslav Attack	r2q1rk1/pp1bppbp/2np1np1/8/2BNP3/2N1BP2/PPPQ2PP/2KR3R b - -	e2e4 c7c5 g1f3 d7d6 d2d4 c5d4 f3d4 g8f6 b1c3 g7g6 c1e3 f8g7 f2f3 e8g8 d1d2 b8c6 f1c4 c8d7 e1c1
B79	Sicilian Defense: Dragon Variation, Yugoslav Attack, Soltis Variation	r1r3k1/pp1bppb1/2np1np1/q6p/3NP2P/1BN1BP2/PPPQ2P1/2KR3R w - -	e2e4 c7c5 g1f3 d7d6 d2d4 c5d4 f3d4 g8f6 b1c3 g7g6 c1e3 f8g7 f2f3 e8g8 d1d2 b8c6 f1c4 c8d7 e1c1 d8a5 h2h4 f8c8 c4b3 h7h5
B79	Sicilian Defense: Dragon, Yugoslav Attack	r1r3k1/pp1bppbp/2np1np1/q7/3NP2P/1BN1BP2/PPPQ2P1/2KR3R b - -	e2e4 c7c5 g1f3 d7d6 d2d4 c5d4 f3d4 g8f6 b1c3 g7g6 c1e3 f8g7 f2f3 e8g8 d1d2 b8c6 f1c4 c8d7 h2h4 d8a5 e1c1 f8c8 c4b3
B80	Sicilian Defense: Scheveningen Variation, English Attack	rnbqkb1r/1p3ppp/p2ppn2/8/3NP3/2N1B3/PPPQ1PPP/R3KB1R b KQkq -	e2e4 c7c5 g1f3 d7d6 d2d4 c5d4 f3d4 g8f6 b1c3 a7a6 c1e3 e7e6 d1d2
B80	Sicilian Defense: Scheveningen Variation, Fianchetto Variation	rnbqkb1r/pp3ppp/3ppn2/8/3NP3/2N3P1/PPP2P1P/R1BQKB1R b KQkq -	e2e4 c7c5 g1f3 e7e6 d2d4 c5d4 f3d4 g8f6 b1c3 d7d6 g2g3
B80	Sicilian Defense: Scheveningen Variation	rnbqkb1r/pp3ppp/3ppn2/8/3NP3/2N5/PPP2PPP/R1BQKB1R w KQkq -	e2e4 c7c5 g1f3 e7e6 d2d4 c5d4 f3d4 g8f6 b1c3 d7d6
B80	Sicilian Defense: Scheveningen Variation, Vitolins Variation	rnbqkb1r/pp3ppp/3ppn2/1B6/3NP3/2N5/PPP2PPP/R1BQK2R b KQkq -	e2e4 c7c5 g1f3 e7e6 d2d4 c5d4 f3d4 g8f6 b1c3 d7d6 f1b5
B81	Sicilian Defense: Scheveningen Variation, Keres Attack	rnbqkb1r/pp3ppp/3ppn2/8/3NP1P1/2N5/PPP2P1P/R1BQKB1R b KQkq -	e2e4 c7c5 g1f3 e7e6 d2d4 c5d4 f3d4 g8f6 b1c3 d7d6 g2g4
B82	Sicilian Defense: Scheveningen Variation, Matanovic Attack	rnbqkb1r/pp3ppp/3ppn2/8/3NPP2/2N5/PPP3PP/R1BQKB1R b KQkq -	e2e4 c7c5 g1f3 e7e6 d2d4 c5d4 f3d4 g8f6 b1c3 d7d6 f2f4
B82	Sicilian Defense: Scheveningen Variation, Tal Variation	r1bqk2r/pp2bppp/2nppn2/8/3NPP2/2N1BQ2/PPP3PP/R3KB1R b KQkq -	e2e4 c7c5 g1f3 e7e6 d2d4 c5d4 f3d4 g8f6 b1c3 d7d6 f2f4 b8c6 c1e3 f8e7 d1f3
B83	Sicilian Defense: Scheveningen Variation, Classical Variation	rnbqkb1r/pp3ppp/3ppn2/8/3NP3/2N5/PPP1BPPP/R1BQK2R b KQkq -	e2e4 c7c5 g1f3 e7e6 d2d4 c5d4 f3d4 g8f6 b1c3 d7d6 f1e2
B83	Sicilian Defense: Scheveningen Variation, Modern Variation	r1bq1rk1/pp2bppp/2nppn2/8/3NPP2/2N1B3/PPP1B1PP/R2Q1RK1 b - -	e2e4 c7c5 g1f3 e7e6 d2d4 c5d4 f3d4 g8f6 b1c3 d7d6 f1e2 f8e7 e1g1 e8g8 f2f4 b8c6 c1e3
B83	Sicilian Defense: Scheveningen Variation, Modern Variation	r1bqkb1r/pp3ppp/2nppn2/8/3NP3/2N5/PPP1BPPP/R1BQK2R w KQkq -	e2e4 c7c5 g1f3 e7e6 d2d4 c5d4 f3d4 b8c6 b1c3 d7d6 f1e2 g8f6
B83	Sicilian Defense: Scheveningen Variation, Modern Variation	r2q1rk1/pp1bbppp/2nppn2/8/4PP2/1NN1B3/PPP1B1PP/R2Q1RK1 b - -	e2e4 c7c5 g1f3 e7e6 d2d4 c5d4 f3d4 g8f6 b1c3 d7d6 f1e2 f8e7 e1g1 e8g8 f2f4 b8c6 c1e3 c8d7 d4b3
B84	Sicilian Defense: Najdorf Variation, Scheveningen Variation	r1bqkb1r/1p1n1ppp/p2ppn2/8/3NP3/2N5/PPP1BPPP/R1BQ1RK1 w kq -	e2e4 c7c5 g1f3 d7d6 d2d4 c5d4 f3d4 g8f6 b1c3 a7a6 f1e2 e7e6 e1g1 b8d7
B84	Sicilian Defense: Scheveningen Variation, Classical Variation	rnb1kb1r/1pq2ppp/p2ppn2/8/3NP3/2N5/PPP1BPPP/R1BQ1RK1 w kq -	e2e4 c7c5 g1f3 d7d6 d2d4 c5d4 f3d4 g8f6 b1c3 a7a6 f1e2 e7e6 e1g1 d8c7
B84	Sicilian Defense: Scheveningen Variation, Classical Variation	rnbqkb1r/1p3ppp/p2ppn2/8/3NP3/2N5/PPP1BPPP/R1BQK2R w KQkq -	e2e4 c7c5 g1f3 d7d6 d2d4 c5d4 f3d4 g8f6 b1c3 a7a6 f1e2 e7e6
B85	Sicilian Defense: Scheveningen, Classical Main Line	r1b2rk1/1pq1bppp/p1nppn2/8/3NPP2/2N1B3/PPP1B1PP/R3QRK1 w - -	e2e4 c7c5 g1f3 e7e6 d2d4 c5d4 f3d4 b8c6 b1c3 d8c7 f1e2 a7a6 e1g1 g8f6 c1e3 f8e7 f2f4 d7d6 d1e1 e8g8
B85	Sicilian Defense: Scheveningen Variation, Classical Variation, Paulsen Variation	r1b1k2r/1pq1bppp/p1nppn2/8/P2NPP2/2N5/1PP1B1PP/R1BQ1R1K b kq -	e2e4 c7c5 g1f3 e7e6 d2d4 c5d4 f3d4 b8c6 b1c3 d8c7 f1e2 a7a6 e1g1 g8f6 g1h1 f8e7 f2f4 d7d6 a2a4
B85	Sicilian Defense: Scheveningen Variation, Classical Variation, Paulsen Variation	r1b1kb1r/1pq2ppp/p1nppn2/8/3NPP2/2N1B3/PPP1B1PP/R2Q1RK1 b kq -	e2e4 c7c5 g1f3 e7e6 d2d4 c5d4 f3d4 b8c6 b1c3 d8c7 f1e2 a7a6 e1g1 g8f6 c1e3 d7d6 f2f4
B85	Sicilian Defense: Scheveningen Variation, Classical Variation, Paulsen Variation	r1b1kb1r/1pq2ppp/p1nppn2/8/3NPP2/2N5/PPP1B1PP/R1BQ1RK1 w kq -	e2e4 c7c5 g1f3 d7d6 d2d4 c5d4 f3d4 g8f6 b1c3 a7a6 f2f4 e7e6 f1e2 d8c7 e1g1 b8c6
B86	Sicilian Defense: Sozin Attack	rnbqkb1r/pp3ppp/3ppn2/8/2BNP3/2N5/PPP2PPP/R1BQK2R b KQkq -	e2e4 c7c5 g1f3 e7e6 d2d4 c5d4 f3d4 g8f6 b1c3 d7d6 f1c4
B87	Sicilian Defense: Sozin Attack, Flank Variation	rnbqkb1r/5ppp/p2ppn2/1p6/3NP3/1BN5/PPP2PPP/R1BQK2R w KQkq -	e2e4 c7c5 g1f3 d7d6 d2d4 c5d4 f3d4 g8f6 b1c3 a7a6 f1c4 e7e6 c4b3 b7b5
B88	Sicilian Defense: Sozin Attack, Leonhardt Variation	r1bqkb1r/pp3ppp/2nppn2/8/2BNP3/2N5/PPP2PPP/R1BQK2R w KQkq -	e2e4 c7c5 g1f3 b8c6 d2d4 c5d4 f3d4 g8f6 b1c3 d7d6 f1c4 e7e6
B88	Sicilian Defense: Sozin, Fischer Variation	r1bq1rk1/pp2bppp/2nppn2/8/3NPP2/1BN1B3/PPP3PP/R2QK2R b KQ -	e2e4 c7c5 g1f3 b8c6 d2d4 c5d4 f3d4 g8f6 b1c3 d7d6 f1c4 e7e6 c4b3 f8e7 c1e3 e8g8 f2f4
B89	Sicilian Defense: Sozin Attack, Main Line	r1bqkb1r/pp3ppp/2nppn2/8/2BNP3/2N1B3/PPP2PPP/R2QK2R b KQkq -	e2e4 c7c5 g1f3 b8c6 d2d4 c5d4 f3d4 g8f6 b1c3 d7d6 f1c4 e7e6 c1e3
B89	Sicilian Defense: Sozin Attack, Main Line, Sherbakov Variation	r1bq1rk1/p3bppp/1p1ppn2/n7/3NPP2/1BN1B3/PPP3PP/R2Q1RK1 w - -	e2e4 c7c5 g1f3 d7d6 d2d4 c5d4 f3d4 g8f6 b1c3 b8c6 f1c4 e7e6 c1e3 f8e7 c4b3 e8g8 e1g1 c6a5 f2f4 b7b6
B89	Sicilian Defense: Velimirovic Attack	r1bqk2r/pp2bppp/2nppn2/8/2BNP3/2N1B3/PPP1QPPP/R3K2R b KQkq -	e2e4 c7c5 g1f3 b8c6 d2d4 c5d4 f3d4 g8f6 b1c3 d7d6 f1c4 e7e6 c1e3 f8e7 d1e2
B90	Sicilian Defense: Najdorf, Lipnitsky Attack	rnbqkb1r/1p2pppp/p2p1n2/8/2BNP3/2N5/PPP2PPP/R1BQK2R b KQkq -	e2e4 c7c5 g1f3 d7d6 d2d4 c5d4 f3d4 g8f6 b1c3 a7a6 f1c4
B90	Sicilian Defense: Najdorf Variation, Adams Attack	rnbqkb1r/1p2pppp/p2p1n2/8/3NP3/2N4P/PPP2PP1/R1BQKB1R b KQkq -	e2e4 c7c5 g1f3 d7d6 d2d4 c5d4 f3d4 g8f6 b1c3 a7a6 h2h3
B90	Sicilian Defense: Najdorf Variation, Dekker Gambit	rnbqkb1r/1p2pppp/p2p1n2/8/3NP1P1/2N5/PPP2P1P/R1BQKB1R b KQkq -	e2e4 c7c5 g1f3 d7d6 d2d4 c5d4 f3d4 g8f6 b1c3 a7a6 g2g4
B90	Sicilian Defense: Najdorf Variation, English Attack, Anti-English	rnbqkb1r/1p2pppp/p2p4/8/3NP1n1/2N1B3/PPP2PPP/R2QKB1R w KQkq -	e2e4 c7c5 g1f3 d7d6 d2d4 c5d4 f3d4 g8f6 b1c3 a7a6 c1e3 f6g4
B90	Sicilian Defense: Najdorf Variation, English Attack	rnbqkb1r/1p2pppp/p2p1n2/8/3NP3/2N1B3/PPP2PPP/R2QKB1R b KQkq -	e2e4 c7c5 g1f3 d7d6 d2d4 c5d4 f3d4 g8f6 b1c3 a7a6 c1e3
B90	Sicilian Defense: Najdorf Variation, Freak Attack	rnbqkb1r/1p2pppp/p2p1n2/8/3NP3/2N5/PPP2PPP/R1BQKBR1 b Qkq -	e2e4 c7c5 g1f3 d7d6 d2d4 c5d4 f3d4 g8f6 b1c3 a7a6 h1g1
B90	Sicilian Defense: Najdorf Variation	rnbqkb1r/1p2pppp/p2p1n2/8/3NP3/2N5/PPP2PPP/R1BQKB1R w KQkq -	e2e4 c7c5 g1f3 d7d6 d2d4 c5d4 f3d4 g8f6 b1c3 a7a6
B90	Sicilian Defense: Scheveningen Variation, Delayed Keres Attack, Perenyi Gambit	rnbqkb1r/1p3p1p/p2p1np1/4pNP1/4P3/2N1B3/PPP2P1P/R2QKB1R b KQkq -	e2e4 c7c5 g1f3 d7d6 d2d4 c5d4 f3d4 g8f6 b1c3 a7a6 c1e3 e7e6 g2g4 e6e5 d4f5 g7g6 g4g5
B90	Sicilian Defense: Scheveningen Variation, Delayed Keres Attack	rnbqkb1r/1p3ppp/p2ppn2/8/3NP1P1/2N1B3/PPP2P1P/R2QKB1R b KQkq -	e2e4 c7c5 g1f3 d7d6 d2d4 c5d4 f3d4 g8f6 b1c3 a7a6 c1e3 e7e6 g2g4
B90	Sicilian Defense: Scheveningen Variation, English Attack	rnbqkb1r/1p3ppp/p2ppn2/8/3NP3/2N1BP2/PPP3PP/R2QKB1R b KQkq -	e2e4 c7c5 g1f3 d7d6 d2d4 c5d4 f3d4 g8f6 b1c3 a7a6 c1e3 e7e6 f2f3
B91	Sicilian Defense: Najdorf Variation, Zagreb (Fianchetto) Variation	rnbqkb1r/1p2pppp/p2p1n2/8/3NP3/2N3P1/PPP2P1P/R1BQKB1R b KQkq -	e2e4 c7c5 g1f3 d7d6 d2d4 c5d4 f3d4 g8f6 b1c3 a7a6 g2g3
B92	Sicilian Defense: Najdorf Variation, Opocensky Variation, Modern Line	rn1qk2r/1p2bppp/p2pbn2/4p3/4P3/1NN5/PPP1BPPP/R1BQ1RK1 w kq -	e2e4 c7c5 g1f3 d7d6 d2d4 c5d4 f3d4 g8f6 b1c3 a7a6 f1e2 e7e5 d4b3 f8e7 e1g1 c8e6
B92	Sicilian Defense: Najdorf Variation, Opocensky Variation	rnbqkb1r/1p2pppp/p2p1n2/8/3NP3/2N5/PPP1BPPP/R1BQK2R b KQkq -	e2e4 c7c5 g1f3 d7d6 d2d4 c5d4 f3d4 g8f6 b1c3 a7a6 f1e2
B92	Sicilian Defense: Najdorf Variation, Opocensky Variation, Traditional Line	rnbq1rk1/1p2bppp/p2p1n2/4p3/4P3/1NN5/PPP1BPPP/R1BQ1RK1 w - -	e2e4 c7c5 g1f3 d7d6 d2d4 c5d4 f3d4 g8f6 b1c3 a7a6 f1e2 e7e5 d4b3 f8e7 e1g1 e8g8
B93	Sicilian Defense: Najdorf Variation, Amsterdam Variation	rnbqkb1r/1p2pppp/p2p1n2/8/3NPP2/2N5/PPP3PP/R1BQKB1R b KQkq -	e2e4 c7c5 g1f3 d7d6 d2d4 c5d4 f3d4 g8f6 b1c3 a7a6 f2f4
B94	Sicilian Defense: Najdorf, Ivkov Variation	r3kb1r/1b3ppp/p2ppn2/qpn1P1B1/3N4/1BN5/PPPQ1PPP/2KRR3 b kq -	e2e4 c7c5 g1f3 d7d6 d2d4 c5d4 f3d4 g8f6 b1c3 a7a6 c1g5 b8d7 f1c4 d8a5 d1d2 e7e6 e1c1 b7b5 c4b3 c8b7 h1e1 d7c5 e4e5
B94	Sicilian Defense: Najdorf Variation	rnbqkb1r/1p2pppp/p2p1n2/6B1/3NP3/2N5/PPP2PPP/R2QKB1R b KQkq -	e2e4 c7c5 g1f3 d7d6 d2d4 c5d4 f3d4 g8f6 b1c3 a7a6 c1g5
B95	Sicilian Defense: Najdorf Variation	rnbqkb1r/1p3ppp/p2ppn2/6B1/3NP3/2N5/PPP2PPP/R2QKB1R w KQkq -	e2e4 c7c5 g1f3 d7d6 d2d4 c5d4 f3d4 g8f6 b1c3 a7a6 c1g5 e7e6
B96	Sicilian Defense: Najdorf Variation, Neo-Classical Defense	r1bqkb1r/1p3ppp/p1nppn2/6B1/3NPP2/2N5/PPP3PP/R2QKB1R w KQkq -	e2e4 c7c5 g1f3 d7d6 d2d4 c5d4 f3d4 g8f6 b1c3 a7a6 c1g5 e7e6 f2f4 b8c6
B96	Sicilian Defense: Najdorf Variation, Polugaevsky Variation	rnbqkb1r/5ppp/p2ppn2/1p4B1/3NPP2/2N5/PPP3PP/R2QKB1R w KQkq -	e2e4 c7c5 g1f3 d7d6 d2d4 c5d4 f3d4 g8f6 b1c3 a7a6 c1g5 e7e6 f2f4 b7b5
B96	Sicilian Defense: Najdorf Variation, Polugaevsky Variation, Simagin Line	rnb1kb1r/2q2ppp/p3pn2/1p2P1B1/3N4/2N5/PPP1Q1PP/R3KB1R b KQkq -	e2e4 c7c5 g1f3 d7d6 d2d4 c5d4 f3d4 g8f6 b1c3 a7a6 c1g5 e7e6 f2f4 b7b5 e4e5 d6e5 f4e5 d8c7 d1e2
B96	Sicilian Defense: Najdorf Variation	rnbqkb1r/1p3ppp/p2ppn2/6B1/3NPP2/2N5/PPP3PP/R2QKB1R b KQkq -	e2e4 c7c5 g1f3 d7d6 d2d4 c5d4 f3d4 g8f6 b1c3 a7a6 c1g5 e7e6 f2f4
B97	Sicilian Defense: Najdorf Variation, Poisoned Pawn Accepted	rnb1kb1r/1p3ppp/p2ppn2/6B1/3NPP2/q1N5/P1PQ2PP/1R2KB1R w Kkq -	e2e4 c7c5 g1f3 d7d6 d2d4 c5d4 f3d4 g8f6 b1c3 a7a6 c1g5 e7e6 f2f4 d8b6 d1d2 b6b2 a1b1 b2a3
B97	Sicilian Defense: Najdorf Variation, Poisoned Pawn Variation	rnb1kb1r/1p3ppp/pq1ppn2/6B1/3NPP2/2N5/PPP3PP/R2QKB1R w KQkq -	e2e4 c7c5 g1f3 d7d6 d2d4 c5d4 f3d4 g8f6 b1c3 a7a6 c1g5 e7e6 f2f4 d8b6
B98	Sicilian Defense: Najdorf Variation, Browne Variation	rnb1k2r/1pq1bpp1/p2ppn1p/8/3NPP1B/2N2Q2/PPP3PP/R3KB1R w KQkq -	e2e4 c7c5 g1f3 d7d6 d2d4 c5d4 f3d4 g8f6 b1c3 a7a6 c1g5 e7e6 f2f4 f8e7 d1f3 h7h6 g5h4 d8c7
B98	Sicilian Defense: Najdorf Variation, Goteborg (Argentine)	rnbqk2r/1p2bp2/p2ppn1p/6p1/3NPP1B/2N2Q2/PPP3PP/R3KB1R w KQkq -	e2e4 c7c5 g1f3 d7d6 d2d4 c5d4 f3d4 g8f6 b1c3 a7a6 c1g5 e7e6 f2f4 f8e7 d1f3 h7h6 g5h4 g7g5
B98	Sicilian Defense: Najdorf Variation	rnbqk2r/1p2bppp/p2ppn2/6B1/3NPP2/2N5/PPP3PP/R2QKB1R w KQkq -	e2e4 c7c5 g1f3 d7d6 d2d4 c5d4 f3d4 g8f6 b1c3 a7a6 c1g5 e7e6 f2f4 f8e7
B98	Sicilian Defense: Najdorf Variation, Traditional Line	rnb1k2r/1pq1bppp/p2ppn2/6B1/3NPP2/2N2Q2/PPP3PP/R3KB1R w KQkq -	e2e4 c7c5 g1f3 d7d6 d2d4 c5d4 f3d4 g8f6 b1c3 a7a6 c1g5 e7e6 f2f4 f8e7 d1f3 d8c7
B99	Sicilian Defense: Najdorf Variation, Main Line	r1b1k2r/1pqnbppp/p2ppn2/6B1/3NPP2/2N2Q2/PPP3PP/2KR1B1R w kq -	e2e4 c7c5 g1f3 d7d6 d2d4 c5d4 f3d4 g8f6 b1c3 a7a6 c1g5 e7e6 f2f4 f8e7 d1f3 d8c7 e1c1 b8d7